,word,aspect,head_word,head_word_tag_new,lematized_words,ner,next_words,ortho_features,pos_tag,post_word_tag,pre_word_tag,prev_words,stopword,token_freq,word_len
0,I,0,1,PRP,I,0,charge,1,PRP,VBP,,,0,1,0
1,charge,0,0,,charge,0,it,0,VBP,PRP,PRP,I,0,1,1
2,it,0,1,PRP,it,0,at,0,PRP,IN,VBP,charge,1,1,0
3,at,0,0,,at,0,night,0,IN,NN,PRP,it,1,1,0
4,night,0,1,NN,night,0,and,0,NN,CC,IN,at,0,1,1
5,and,0,0,,and,0,skip,0,CC,NN,NN,night,1,1,0
6,skip,0,0,,skip,0,taking,0,NN,VBG,CC,and,0,1,1
7,taking,0,0,,take,0,the,0,VBG,DT,NN,skip,0,1,1
8,the,0,0,,the,0,cord,0,DT,NN,VBG,taking,1,2,0
9,cord,1,1,NN,cord,0,with,0,NN,IN,DT,the,0,1,1
10,with,0,0,,with,0,me,0,IN,PRP,NN,cord,1,1,1
11,me,0,1,PRP,me,0,because,0,PRP,IN,IN,with,1,1,0
12,because,0,0,,because,0,of,0,IN,IN,PRP,me,1,1,1
13,of,0,0,,of,0,the,0,IN,DT,IN,because,1,1,0
14,the,0,0,,the,0,good,0,DT,JJ,IN,of,1,2,0
15,good,0,0,,good,0,battery,0,JJ,NN,DT,the,0,1,1
16,battery,1,1,NN,battery,0,life,0,NN,NN,JJ,good,0,1,1
17,life,0,1,NN,life,0,,0,NN,,NN,battery,0,1,1
0,I,0,1,PRP,I,0,bought,1,PRP,VBD,,,0,1,0
1,bought,0,0,,buy,0,a,0,VBD,DT,PRP,I,0,1,1
2,a,0,0,,a,0,HP,0,DT,NNP,VBD,bought,1,1,0
3,HP,0,0,,HP,0,Pavilion,0,NNP,NNP,DT,a,0,1,0
4,Pavilion,0,0,,Pavilion,0,DV4,1,NNP,NNP,NNP,HP,0,1,1
5,DV4,0,0,,DV4,0,1222nr,0,NNP,CD,NNP,Pavilion,0,1,0
6,1222nr,0,0,,1222nr,0,laptop,0,CD,NN,NNP,DV4,0,1,1
7,laptop,0,1,NN,laptop,0,and,0,NN,CC,CD,1222nr,0,1,1
8,and,0,0,,and,0,have,0,CC,VBP,NN,laptop,1,1,0
9,have,0,0,,have,0,had,0,VBP,VBN,CC,and,1,1,1
10,had,0,0,,have,0,so,0,VBN,RB,VBP,have,1,1,0
11,so,0,0,,so,0,many,0,RB,JJ,VBN,had,1,1,0
12,many,0,0,,many,0,problems,0,JJ,NNS,RB,so,0,1,1
13,problems,0,1,NNS,problems,0,with,0,NNS,IN,JJ,many,0,1,1
14,with,0,0,,with,0,the,0,IN,DT,NNS,problems,1,1,1
15,the,0,0,,the,0,computer,0,DT,NN,IN,with,1,1,0
16,computer,0,1,NN,computer,0,,0,NN,,DT,the,0,1,1
0,The,0,0,,The,0,tech,1,DT,NN,,,0,1,0
1,tech,1,0,,tech,0,guy,0,NN,NN,DT,The,0,1,1
2,guy,0,1,NN,guy,0,then,0,NN,RB,NN,tech,0,1,0
3,then,0,0,,then,0,said,0,RB,VBD,NN,guy,1,1,1
4,said,0,0,,say,0,the,0,VBD,DT,RB,then,0,1,1
5,the,0,0,,the,0,service,0,DT,NN,VBD,said,1,3,0
6,service,1,0,,service,0,center,0,NN,NN,DT,the,0,1,1
7,center,0,1,NN,center,0,does,0,NN,VBZ,NN,service,0,1,1
8,does,0,0,,do,0,not,0,VBZ,RB,NN,center,1,1,1
9,not,0,0,,not,0,do,0,RB,VB,VBZ,does,1,1,0
10,do,0,0,,do,0,1,0,VB,CD,RB,not,1,1,0
11,1,0,0,,1,0,to,1,CD,TO,VB,do,0,2,0
12,to,0,0,,to,0,1,0,TO,CD,CD,1,1,3,0
13,1,0,0,,1,0,exchange,1,CD,NN,TO,to,0,2,0
14,exchange,0,1,NN,exchange,0,and,0,NN,CC,CD,1,0,1,1
15,and,0,0,,and,0,I,0,CC,PRP,NN,exchange,1,1,0
16,I,0,1,PRP,I,0,have,1,PRP,VBP,CC,and,0,2,0
17,have,0,0,,have,0,to,0,VBP,TO,PRP,I,1,1,1
18,to,0,0,,to,0,direct,0,TO,VB,VBP,have,1,3,0
19,direct,0,0,,direct,0,my,0,VB,PRP$,TO,to,0,1,1
20,my,0,0,,my,0,concern,0,PRP$,NN,VB,direct,1,2,0
21,concern,0,1,NN,concern,0,to,0,NN,TO,PRP$,my,0,1,1
22,to,0,0,,to,0,the,0,TO,DT,NN,concern,1,3,0
23,the,0,0,,the,0,sales,0,DT,NNS,TO,to,1,3,0
24,sales,1,0,,sale,0,team,0,NNS,NN,DT,the,0,1,1
25,team,0,1,NN,team,0,which,0,NN,WDT,NNS,sales,0,1,1
26,which,0,0,,which,0,is,0,WDT,VBZ,NN,team,1,2,1
27,is,0,0,,be,0,the,0,VBZ,DT,WDT,which,1,1,0
28,the,0,0,,the,0,retail,0,DT,JJ,VBZ,is,1,3,0
29,retail,0,0,,retail,0,shop,0,JJ,NN,DT,the,0,1,1
30,shop,0,1,NN,shop,0,which,0,NN,WDT,JJ,retail,0,1,1
31,which,0,0,,which,0,I,0,WDT,PRP,NN,shop,1,2,1
32,I,0,1,PRP,I,0,bought,1,PRP,VBD,WDT,which,0,2,0
33,bought,0,0,,buy,0,my,0,VBD,PRP$,PRP,I,0,1,1
34,my,0,0,,my,0,netbook,0,PRP$,NN,VBD,bought,1,2,0
35,netbook,0,1,NN,netbook,0,from,0,NN,IN,PRP$,my,0,1,1
36,from,0,0,,from,0,,0,IN,,NN,netbook,1,1,1
0,I,0,1,PRP,I,0,investigated,1,PRP,VBD,,,0,1,0
1,investigated,0,0,,investigate,0,netbooks,0,VBD,NNS,PRP,I,0,1,1
2,netbooks,0,1,NNS,netbooks,0,and,0,NNS,CC,VBD,investigated,0,1,1
3,and,0,0,,and,0,saw,0,CC,VBD,NNS,netbooks,1,1,0
4,saw,0,0,,saw,0,the,0,VBD,DT,CC,and,0,1,0
5,the,0,0,,the,0,Toshiba,0,DT,NNP,VBD,saw,1,1,0
6,Toshiba,0,1,NNP,Toshiba,1,NB305,1,NNP,NNP,DT,the,0,1,1
7,NB305,0,0,,NB305,0,N410BL,0,NNP,NNP,NNP,Toshiba,0,1,1
8,N410BL,0,0,,N410BL,0,,0,NNP,,NNP,NB305,0,1,1
0,The,0,0,,The,0,other,1,DT,JJ,,,0,1,0
1,other,0,0,,other,0,day,0,JJ,NN,DT,The,1,1,1
2,day,0,1,NN,day,0,I,0,NN,PRP,JJ,other,0,1,0
3,I,0,1,PRP,I,0,had,1,PRP,VBD,NN,day,0,1,0
4,had,0,0,,have,0,a,0,VBD,DT,PRP,I,1,1,0
5,a,0,0,,a,0,presentation,0,DT,NN,VBD,had,1,5,0
6,presentation,0,1,NN,presentation,0,to,0,NN,TO,DT,a,0,1,1
7,to,0,0,,to,0,do,0,TO,VB,NN,presentation,1,4,0
8,do,0,0,,do,0,for,0,VB,IN,TO,to,1,1,0
9,for,0,0,,for,0,a,0,IN,DT,VB,do,1,1,0
10,a,0,0,,a,0,seminar,0,DT,NN,IN,for,1,5,0
11,seminar,0,1,NN,seminar,0,at,0,NN,IN,DT,a,0,1,1
12,at,0,0,,at,0,a,0,IN,DT,NN,seminar,1,1,0
13,a,0,0,,a,0,large,0,DT,JJ,IN,at,1,5,0
14,large,0,0,,large,0,conference,0,JJ,NN,DT,a,0,1,1
15,conference,0,1,NN,conference,0,in,0,NN,IN,JJ,large,0,1,1
16,in,0,0,,in,0,town,0,IN,NN,NN,conference,1,1,0
17,town,0,1,NN,town,0,lots,0,NN,NNS,IN,in,0,1,1
18,lots,0,1,NNS,lot,0,of,0,NNS,IN,NN,town,0,1,1
19,of,0,0,,of,0,people,0,IN,NNS,NNS,lots,1,1,0
20,people,0,1,NNS,people,0,little,0,NNS,JJ,IN,of,0,1,1
21,little,0,0,,little,0,time,0,JJ,NN,NNS,people,0,1,1
22,time,0,1,NN,time,0,to,0,NN,TO,JJ,little,0,1,1
23,to,0,0,,to,0,prep,0,TO,VB,NN,time,1,4,0
24,prep,0,0,,prep,0,and,0,VB,CC,TO,to,0,1,1
25,and,0,0,,and,0,have,0,CC,VB,VB,prep,1,1,0
26,have,0,0,,have,0,to,0,VB,TO,CC,and,1,1,1
27,to,0,0,,to,0,set,0,TO,VB,VB,have,1,4,0
28,set,0,0,,set,0,up,0,VB,RP,TO,to,0,1,0
29,up,0,0,,up,0,a,0,RP,DT,VB,set,1,1,0
30,a,0,0,,a,0,computer,0,DT,NN,RP,up,1,5,0
31,computer,0,1,NN,computer,0,to,0,NN,TO,DT,a,0,1,1
32,to,0,0,,to,0,a,0,TO,DT,NN,computer,1,4,0
33,a,0,0,,a,0,projector,0,DT,NN,TO,to,1,5,0
34,projector,0,1,NN,projector,0,etc,0,NN,NN,DT,a,0,1,1
35,etc,0,0,,etc,0,,0,NN,,NN,projector,0,1,0
0,it,0,1,PRP,it,0,is,0,PRP,VBZ,,,1,1,0
1,is,0,0,,be,0,of,0,VBZ,IN,PRP,it,1,6,0
2,of,0,0,,of,0,high,0,IN,JJ,VBZ,is,1,2,0
3,high,0,0,,high,0,quality,0,JJ,NN,IN,of,0,1,1
4,quality,1,1,NN,quality,0,has,0,NN,VBZ,JJ,high,0,1,1
5,has,0,0,,have,0,a,0,VBZ,DT,NN,quality,1,1,0
6,a,0,0,,a,0,killer,0,DT,NN,VBZ,has,1,1,0
7,killer,0,0,,killer,0,GUI,0,NN,NNP,DT,a,0,1,1
8,GUI,1,1,NNP,GUI,1,is,0,NNP,VBZ,NN,killer,0,1,0
9,is,0,0,,be,0,extremely,0,VBZ,RB,NNP,GUI,1,6,0
10,extremely,0,0,,extremely,0,stable,0,RB,JJ,VBZ,is,0,1,1
11,stable,0,0,,stable,0,is,0,JJ,VBZ,RB,extremely,0,1,1
12,is,0,0,,be,0,highly,0,VBZ,RB,JJ,stable,1,6,0
13,highly,0,0,,highly,0,expandable,0,RB,JJ,VBZ,is,0,1,1
14,expandable,0,0,,expandable,0,is,0,JJ,VBZ,RB,highly,0,1,1
15,is,0,0,,be,0,bundled,0,VBZ,VBN,JJ,expandable,1,6,0
16,bundled,0,0,,bundle,0,with,0,VBN,IN,VBZ,is,0,1,1
17,with,0,0,,with,0,lots,0,IN,NNS,VBN,bundled,1,1,1
18,lots,0,1,NNS,lot,0,of,0,NNS,IN,IN,with,0,1,1
19,of,0,0,,of,0,very,0,IN,RB,NNS,lots,1,2,0
20,very,0,0,,very,0,good,0,RB,JJ,IN,of,1,1,1
21,good,0,0,,good,0,applications,0,JJ,NNS,RB,very,0,1,1
22,applications,1,1,NNS,applications,0,is,0,NNS,VBZ,JJ,good,0,1,1
23,is,0,0,,be,0,easy,0,VBZ,JJ,NNS,applications,1,6,0
24,easy,0,0,,easy,0,to,0,JJ,TO,VBZ,is,0,1,1
25,to,0,0,,to,0,use,0,TO,VB,JJ,easy,1,1,0
26,use,1,0,,use,0,and,0,VB,CC,TO,to,0,1,0
27,and,0,0,,and,0,is,0,CC,VBZ,VB,use,1,1,0
28,is,0,0,,be,0,absolutely,0,VBZ,RB,CC,and,1,6,0
29,absolutely,0,0,,absolutely,0,gorgeous,0,RB,JJ,VBZ,is,0,1,1
30,gorgeous,0,0,,gorgeous,0,,0,JJ,,RB,absolutely,0,1,1
0,Easy,0,0,,Easy,1,to,1,NNP,TO,,,0,1,1
1,to,0,0,,to,0,start,0,TO,VB,NNP,Easy,1,1,0
2,start,1,0,,start,0,up,0,VB,RP,TO,to,0,1,1
3,up,1,0,,up,0,and,0,RP,CC,VB,start,1,1,0
4,and,0,0,,and,0,does,0,CC,VBZ,RP,up,1,1,0
5,does,0,0,,do,0,not,0,VBZ,RB,CC,and,1,1,1
6,not,0,0,,not,0,overheat,0,RB,VB,VBZ,does,1,1,0
7,overheat,0,0,,overheat,0,as,0,VB,RB,RB,not,0,1,1
8,as,0,0,,as,0,much,0,RB,JJ,VB,overheat,1,2,0
9,much,0,0,,much,0,as,0,JJ,IN,RB,as,0,1,1
10,as,0,0,,as,0,other,0,IN,JJ,JJ,much,1,2,0
11,other,0,0,,other,0,laptops,0,JJ,NNS,IN,as,1,1,1
12,laptops,0,1,NNS,laptops,0,,0,NNS,,JJ,other,0,1,1
0,Sad,0,0,,Sad,1,very,1,JJ,RB,,,0,1,0
1,very,0,0,,very,0,SAD,0,RB,JJ,JJ,Sad,1,1,1
2,SAD,0,0,,SAD,1,,0,JJ,,RB,very,0,1,0
0,I,0,1,PRP,I,0,even,1,PRP,RB,,,0,1,0
1,even,0,0,,even,0,got,0,RB,VBD,PRP,I,0,1,1
2,got,0,0,,get,0,my,0,VBD,PRP$,RB,even,0,1,0
3,my,0,0,,my,0,teenage,0,PRP$,NN,VBD,got,1,1,0
4,teenage,0,0,,teenage,0,son,0,NN,NN,PRP$,my,0,1,1
5,son,0,0,,son,0,one,0,NN,CD,NN,teenage,0,1,0
6,one,0,1,CD,one,0,because,0,CD,IN,NN,son,0,1,0
7,because,0,0,,because,0,of,0,IN,IN,CD,one,1,1,1
8,of,0,0,,of,0,the,0,IN,DT,IN,because,1,1,0
9,the,0,0,,the,0,features,0,DT,NNS,IN,of,1,1,0
10,features,1,1,NNS,feature,0,that,0,NNS,IN,DT,the,0,1,1
11,that,0,0,,that,0,it,0,IN,PRP,NNS,features,1,1,1
12,it,0,1,PRP,it,0,offers,0,PRP,VBZ,IN,that,1,1,0
13,offers,0,0,,offer,0,like,0,VBZ,IN,PRP,it,0,1,1
14,like,0,0,,like,0,iChat,0,IN,WP,VBZ,offers,0,1,1
15,iChat,1,1,WP,iChat,0,Photobooth,0,WP,NNP,IN,like,0,1,1
16,Photobooth,1,1,NNP,Photobooth,1,garage,1,NNP,NN,WP,iChat,0,1,1
17,garage,1,0,,garage,0,band,0,NN,NN,NNP,Photobooth,0,1,1
18,band,1,1,NN,band,0,and,0,NN,CC,NN,garage,0,1,1
19,and,0,0,,and,0,more,0,CC,JJR,NN,band,1,1,0
20,more,0,1,JJR,more,0,,0,JJR,,CC,and,1,1,1
0,Needless,0,0,,Needless,1,to,1,NN,TO,,,0,1,1
1,to,0,0,,to,0,say,0,TO,VB,NN,Needless,1,1,0
2,say,0,0,,say,0,a,0,VB,DT,TO,to,0,1,0
3,a,0,0,,a,0,PC,0,DT,NN,VB,say,1,2,0
4,PC,0,1,NN,PC,0,that,0,NN,WDT,DT,a,0,1,0
5,that,0,0,,that,0,can,0,WDT,MD,NN,PC,1,1,1
6,can,0,0,,can,0,not,0,MD,RB,WDT,that,1,1,0
7,not,0,0,,not,0,support,0,RB,VB,MD,can,1,1,0
8,support,0,0,,support,0,a,0,VB,DT,RB,not,0,1,1
9,a,0,0,,a,0,cell,0,DT,NN,VB,support,1,2,0
10,cell,0,0,,cell,0,phone,0,NN,NN,DT,a,0,1,1
11,phone,0,1,NN,phone,0,is,0,NN,VBZ,NN,cell,0,1,1
12,is,0,0,,be,0,less,0,VBZ,JJR,NN,phone,1,1,0
13,less,0,0,,less,0,than,0,JJR,IN,VBZ,is,0,1,1
14,than,0,0,,than,0,useless,0,IN,NN,JJR,less,1,1,1
15,useless,0,0,,useless,0,,0,NN,,IN,than,0,1,1
0,Great,0,0,,Great,1,laptop,1,NNP,VBZ,,,0,1,1
1,laptop,0,1,VBZ,laptop,0,that,0,VBZ,IN,NNP,Great,0,1,1
2,that,0,0,,that,0,offers,0,IN,VBZ,VBZ,laptop,1,1,1
3,offers,0,0,,offer,0,many,0,VBZ,JJ,IN,that,0,1,1
4,many,0,0,,many,0,great,0,JJ,JJ,VBZ,offers,0,1,1
5,great,0,0,,great,0,features,0,JJ,NNS,JJ,many,0,1,1
6,features,0,1,NNS,feature,0,,0,NNS,,JJ,great,0,1,1
0,they,0,1,PRP,they,0,have,0,PRP,VBP,,,1,1,1
1,have,0,0,,have,0,done,0,VBP,VBN,PRP,they,1,1,1
2,done,0,0,,do,0,absolutely,0,VBN,RB,VBP,have,0,1,1
3,absolutely,0,0,,absolutely,0,nothing,0,RB,NN,VBN,done,0,1,1
4,nothing,0,1,NN,nothing,0,to,0,NN,TO,RB,absolutely,0,1,1
5,to,0,0,,to,0,fix,0,TO,VB,NN,nothing,1,1,0
6,fix,0,0,,fix,0,the,0,VB,DT,TO,to,0,1,0
7,the,0,0,,the,0,computer,0,DT,NN,VB,fix,1,1,0
8,computer,0,1,NN,computer,0,problem,0,NN,NN,DT,the,0,1,1
9,problem,0,1,NN,problem,0,,0,NN,,NN,computer,0,1,1
0,One,0,0,,One,0,night,1,CD,NN,,,0,1,0
1,night,0,1,NN,night,0,I,0,NN,PRP,CD,One,0,1,1
2,I,0,1,PRP,I,0,turned,1,PRP,VBD,NN,night,0,2,0
3,turned,0,0,,turn,0,the,0,VBD,DT,PRP,I,0,1,1
4,the,0,0,,the,0,freaking,0,DT,JJ,VBD,turned,1,2,0
5,freaking,0,0,,freak,0,thing,0,JJ,NN,DT,the,0,1,1
6,thing,0,1,NN,thing,0,off,0,NN,RP,JJ,freaking,0,1,1
7,off,0,0,,off,0,after,0,RP,IN,NN,thing,1,1,0
8,after,0,0,,after,0,using,0,IN,VBG,RP,off,1,1,1
9,using,0,0,,use,0,it,0,VBG,PRP,IN,after,0,1,1
10,it,0,1,PRP,it,0,the,0,PRP,DT,VBG,using,1,3,0
11,the,0,0,,the,0,next,0,DT,JJ,PRP,it,1,2,0
12,next,0,0,,next,0,day,0,JJ,NN,DT,the,0,1,1
13,day,0,1,NN,day,0,I,0,NN,PRP,JJ,next,0,1,0
14,I,0,1,PRP,I,0,turn,1,PRP,VBP,NN,day,0,2,0
15,turn,0,0,,turn,0,it,0,VBP,PRP,PRP,I,0,1,1
16,it,0,1,PRP,it,0,on,0,PRP,IN,VBP,turn,1,3,0
17,on,0,0,,on,0,no,0,IN,DT,PRP,it,1,1,0
18,no,0,0,,no,0,GUI,0,DT,NNP,IN,on,1,1,0
19,GUI,0,1,NNP,GUI,0,screen,0,NNP,NN,DT,no,0,1,0
20,screen,1,1,NN,screen,0,all,0,NN,DT,NNP,GUI,0,1,1
21,all,0,0,,all,0,dark,0,DT,JJ,NN,screen,1,1,0
22,dark,0,1,JJ,dark,0,power,0,JJ,NN,DT,all,0,1,1
23,power,1,0,,power,0,light,0,NN,VBD,JJ,dark,0,1,1
24,light,1,1,VBD,light,0,steady,0,VBD,JJ,NN,power,0,2,1
25,steady,0,0,,steady,0,hard,0,JJ,JJ,VBD,light,0,2,1
26,hard,1,0,,hard,0,drive,0,JJ,NN,JJ,steady,0,1,1
27,drive,1,0,,drive,0,light,0,NN,NN,JJ,hard,0,1,1
28,light,1,1,NN,light,0,steady,0,NN,JJ,NN,drive,0,2,1
29,steady,0,0,,steady,0,and,0,JJ,CC,NN,light,0,2,1
30,and,0,0,,and,0,not,0,CC,RB,JJ,steady,1,1,0
31,not,0,0,,not,0,flashing,0,RB,VBG,CC,and,1,1,0
32,flashing,0,0,,flash,0,as,0,VBG,IN,RB,not,0,1,1
33,as,0,0,,as,0,it,0,IN,PRP,VBG,flashing,1,1,0
34,it,0,1,PRP,it,0,usually,0,PRP,RB,IN,as,1,3,0
35,usually,0,0,,usually,0,does,0,RB,VBZ,PRP,it,0,1,1
36,does,0,0,,do,0,,0,VBZ,,RB,usually,1,1,1
0,Still,0,0,,Still,0,pretty,1,RB,RB,,,0,1,1
1,pretty,0,0,,pretty,0,pricey,0,RB,JJ,RB,Still,0,1,1
2,pricey,0,0,,pricey,0,but,0,JJ,CC,RB,pretty,0,1,1
3,but,0,0,,but,0,I,0,CC,PRP,JJ,pricey,1,1,0
4,I,0,1,PRP,I,0,have,1,PRP,VBP,CC,but,0,1,0
5,have,0,0,,have,0,been,0,VBP,VBN,PRP,I,1,1,1
6,been,0,0,,be,0,putting,0,VBN,VBG,VBP,have,1,1,1
7,putting,0,0,,put,0,off,0,VBG,RP,VBN,been,0,1,1
8,off,0,0,,off,0,money,0,RP,NN,VBG,putting,1,1,0
9,money,0,1,NN,money,0,for,0,NN,IN,RP,off,0,1,1
10,for,0,0,,for,0,a,0,IN,DT,NN,money,1,1,0
11,a,0,0,,a,0,while,0,DT,NN,IN,for,1,2,0
12,while,0,1,NN,while,0,as,0,NN,IN,DT,a,1,1,1
13,as,0,0,,a,0,a,0,IN,DT,NN,while,1,1,0
14,a,0,0,,a,0,little,0,DT,JJ,IN,as,1,2,0
15,little,0,0,,little,0,Macbook,0,JJ,NNP,DT,a,0,1,1
16,Macbook,0,0,,Macbook,0,Fund,1,NNP,NNP,JJ,little,0,1,1
17,Fund,0,1,NNP,Fund,0,and,1,NNP,CC,NNP,Macbook,0,1,1
18,and,0,0,,and,0,finally,0,CC,RB,NNP,Fund,1,1,0
19,finally,0,0,,finally,0,got,0,RB,VBD,CC,and,0,1,1
20,got,0,0,,get,0,to,0,VBD,TO,RB,finally,0,1,0
21,to,0,0,,to,0,use,0,TO,VB,VBD,got,1,1,0
22,use,0,0,,use,0,it,0,VB,PRP,TO,to,0,1,0
23,it,0,1,PRP,it,0,,0,PRP,,VB,use,1,1,0
0,My,0,0,,My,0,only,1,PRP$,JJ,,,0,1,0
1,only,0,0,,only,0,disappointment,0,JJ,NN,PRP$,My,1,2,1
2,disappointment,0,1,NN,disappointment,0,with,0,NN,IN,JJ,only,0,1,1
3,with,0,0,,with,0,the,0,IN,DT,NN,disappointment,1,1,1
4,the,0,0,,the,0,13,0,DT,CD,IN,with,1,4,0
5,13,0,0,,13,0,model,1,CD,NN,DT,the,0,1,0
6,model,0,1,NN,model,0,is,0,NN,VBZ,CD,13,0,1,1
7,is,0,0,,be,0,that,0,VBZ,IN,NN,model,1,2,0
8,that,0,0,,that,0,they,0,IN,PRP,VBZ,is,1,2,1
9,they,0,1,PRP,they,0,are,0,PRP,VBP,IN,that,1,1,1
10,are,0,0,,be,0,the,0,VBP,DT,PRP,they,1,1,0
11,the,0,0,,the,0,only,0,DT,JJ,VBP,are,1,4,0
12,only,0,0,,only,0,ones,0,JJ,NNS,DT,the,1,2,1
13,ones,0,1,NNS,ones,0,in,0,NNS,IN,JJ,only,0,1,1
14,in,0,0,,in,0,the,0,IN,DT,NNS,ones,1,1,0
15,the,0,0,,the,0,MacBook,0,DT,NNP,IN,in,1,4,0
16,MacBook,0,0,,MacBook,1,Pro,0,NNP,NNP,DT,the,0,1,1
17,Pro,0,0,,Pro,0,line,1,NNP,NN,NNP,MacBook,0,1,0
18,line,0,1,NN,line,0,up,0,NN,RB,NNP,Pro,0,1,1
19,up,0,0,,up,0,without,0,RB,IN,NN,line,1,1,0
20,without,0,0,,without,0,an,0,IN,DT,RB,up,0,1,1
21,an,0,0,,an,0,i5,0,DT,NN,IN,without,1,1,0
22,i5,0,0,,i5,0,or,0,NN,CC,DT,an,0,1,0
23,or,0,0,,or,0,i7,0,CC,NN,NN,i5,1,1,0
24,i7,0,0,,i7,0,processor,0,NN,NN,CC,or,0,1,0
25,processor,1,1,NN,processor,0,and,0,NN,CC,NN,i7,0,1,1
26,and,0,0,,and,0,dual,0,CC,JJ,NN,processor,1,1,0
27,dual,0,0,,dual,0,graphics,0,JJ,NNS,CC,and,0,1,1
28,graphics,1,0,,graphic,0,cards,0,NNS,NNS,JJ,dual,0,1,1
29,cards,1,1,NNS,card,0,however,0,NNS,RB,NNS,graphics,0,1,1
30,however,0,0,,however,0,the,0,RB,DT,NNS,cards,0,1,1
31,the,0,0,,the,0,trade,0,DT,NN,RB,however,1,4,0
32,trade,0,0,,trade,0,off,0,NN,RP,DT,the,0,1,1
33,off,0,0,,off,0,is,0,RP,VBZ,NN,trade,1,1,0
34,is,0,0,,be,0,that,0,VBZ,IN,RP,off,1,2,0
35,that,0,0,,that,0,you,0,IN,PRP,VBZ,is,1,2,1
36,you,0,1,PRP,you,0,achieve,0,PRP,VBP,IN,that,1,1,0
37,achieve,0,0,,achieve,0,a,0,VBP,DT,PRP,you,0,1,1
38,a,0,0,,a,0,longer,0,DT,RBR,VBP,achieve,1,1,0
39,longer,0,0,,longer,0,battery,0,RBR,JJ,DT,a,0,1,1
40,battery,1,1,JJ,battery,0,life,0,JJ,NN,RBR,longer,0,1,1
41,life,1,1,NN,life,0,of,0,NN,IN,JJ,battery,0,1,1
42,of,0,0,,of,0,about,0,IN,IN,NN,life,1,1,0
43,about,0,0,,about,0,2,0,IN,CD,IN,of,1,1,1
44,2,0,0,,2,0,more,1,CD,JJR,IN,about,0,1,0
45,more,0,1,JJR,more,0,hours,0,JJR,NNS,CD,2,1,1,1
46,hours,0,1,NNS,hours,0,,0,NNS,,JJR,more,0,1,1
0,I,0,1,PRP,I,0,took,1,PRP,VBD,,,0,1,0
1,took,0,0,,take,0,it,0,VBD,PRP,PRP,I,0,1,1
2,it,0,1,PRP,it,0,back,0,PRP,RP,VBD,took,1,1,0
3,back,0,0,,back,0,for,0,RP,IN,PRP,it,0,1,1
4,for,0,0,,for,0,an,0,IN,DT,RP,back,1,1,0
5,an,0,0,,an,0,Asus,0,DT,NNP,IN,for,1,1,0
6,Asus,0,0,,Asus,0,and,1,NNP,CC,DT,an,0,1,1
7,and,0,0,,and,0,same,0,CC,JJ,NNP,Asus,1,1,0
8,same,0,0,,same,0,thing,0,JJ,NN,CC,and,1,1,1
9,thing,0,1,NN,thing,0,blue,0,NN,NN,JJ,same,0,1,1
10,blue,0,0,,blue,0,screen,0,NN,NN,NN,thing,0,1,1
11,screen,1,1,NN,screen,0,which,0,NN,WDT,NN,blue,0,1,1
12,which,0,0,,which,0,required,0,WDT,VBD,NN,screen,1,1,1
13,required,0,0,,require,0,me,0,VBD,PRP,WDT,which,0,1,1
14,me,0,1,PRP,me,0,to,0,PRP,TO,VBD,required,1,1,0
15,to,0,0,,to,0,remove,0,TO,VB,PRP,me,1,2,0
16,remove,0,0,,remove,0,the,0,VB,DT,TO,to,0,1,1
17,the,0,0,,the,0,battery,0,DT,NN,VB,remove,1,1,0
18,battery,1,1,NN,battery,0,to,0,NN,TO,DT,the,0,1,1
19,to,0,0,,to,0,reset,0,TO,VB,NN,battery,1,2,0
20,reset,0,0,,reset,0,,0,VB,,TO,to,0,1,1
0,In,0,0,,In,0,the,1,IN,DT,,,0,1,0
1,the,0,0,,the,0,shop,0,DT,NN,IN,In,1,3,0
2,shop,0,1,NN,shop,0,these,0,NN,DT,DT,the,0,1,1
3,these,0,0,,these,0,MacBooks,0,DT,NNP,NN,shop,1,1,1
4,MacBooks,0,1,NNP,MacBooks,1,are,0,NNP,VBP,DT,these,0,1,1
5,are,0,0,,be,0,encased,0,VBP,VBN,NNP,MacBooks,1,1,0
6,encased,0,0,,encase,0,in,0,VBN,IN,VBP,are,0,1,1
7,in,0,0,,in,0,a,0,IN,DT,VBN,encased,1,1,0
8,a,0,0,,a,0,soft,0,DT,JJ,IN,in,1,1,0
9,soft,0,0,,soft,0,rubber,0,JJ,NN,DT,a,0,1,1
10,rubber,1,0,,rubber,0,enclosure,0,NN,NN,JJ,soft,0,1,1
11,enclosure,1,1,NN,enclosure,0,so,0,NN,IN,NN,rubber,0,1,1
12,so,0,0,,so,0,you,0,IN,PRP,NN,enclosure,1,1,0
13,you,0,1,PRP,you,0,will,0,PRP,MD,IN,so,1,2,0
14,will,0,0,,will,0,never,0,MD,RB,PRP,you,1,1,1
15,never,0,0,,never,0,know,0,RB,VB,MD,will,0,1,1
16,know,0,0,,know,0,about,0,VB,IN,RB,never,0,1,1
17,about,0,0,,about,0,the,0,IN,DT,VB,know,1,1,1
18,the,0,0,,the,0,razor,0,DT,NN,IN,about,1,3,0
19,razor,0,0,,razor,0,edge,0,NN,NN,DT,the,0,1,1
20,edge,1,1,NN,edge,0,until,0,NN,IN,NN,razor,0,1,1
21,until,0,0,,until,0,you,0,IN,PRP,NN,edge,1,1,1
22,you,0,1,PRP,you,0,buy,0,PRP,VBP,IN,until,1,2,0
23,buy,0,0,,buy,0,it,0,VBP,PRP,PRP,you,0,1,0
24,it,0,1,PRP,it,0,get,0,PRP,VB,VBP,buy,1,3,0
25,get,0,0,,get,0,it,0,VB,PRP,PRP,it,0,1,0
26,it,0,1,PRP,it,0,home,0,PRP,RB,VB,get,1,3,0
27,home,0,0,,home,0,break,0,RB,VBP,PRP,it,0,1,1
28,break,0,0,,break,0,the,0,VBP,DT,RB,home,0,1,1
29,the,0,0,,the,0,seal,0,DT,NN,VBP,break,1,3,0
30,seal,0,1,NN,seal,0,and,0,NN,CC,DT,the,0,1,1
31,and,0,0,,and,0,use,0,CC,VB,NN,seal,1,1,0
32,use,0,0,,use,0,it,0,VB,PRP,CC,and,0,1,0
33,it,0,1,PRP,it,0,very,0,PRP,RB,VB,use,1,3,0
34,very,0,0,,very,0,clever,0,RB,JJ,PRP,it,1,1,1
35,clever,0,0,,clever,0,con,0,JJ,NN,RB,very,0,1,1
36,con,0,1,NN,con,0,,0,NN,,JJ,clever,0,1,0
0,However,0,0,,However,0,the,1,RB,DT,,,0,1,1
1,the,0,0,,the,0,multi,0,DT,NN,RB,However,1,1,0
2,multi,1,0,,multi,0,touch,0,NN,JJ,DT,the,0,1,1
3,touch,1,0,,touch,0,gestures,0,JJ,NNS,NN,multi,0,1,1
4,gestures,1,0,,gesture,0,and,0,NNS,CC,JJ,touch,0,1,1
5,and,0,0,,and,0,large,0,CC,JJ,NNS,gestures,1,1,0
6,large,0,0,,large,0,tracking,0,JJ,VBG,CC,and,0,1,1
7,tracking,1,0,,track,0,area,0,VBG,NN,JJ,large,0,1,1
8,area,1,1,NN,area,0,make,0,NN,VBP,VBG,tracking,0,1,1
9,make,0,0,,make,0,having,0,VBP,VBG,NN,area,0,1,1
10,having,0,0,,have,0,an,0,VBG,DT,VBP,make,1,1,1
11,an,0,0,,an,0,external,0,DT,JJ,VBG,having,1,1,0
12,external,1,0,,external,0,mouse,0,JJ,NN,DT,an,0,1,1
13,mouse,1,1,NN,mouse,0,unnecessary,0,NN,JJ,JJ,external,0,1,1
14,unnecessary,0,0,,unnecessary,0,unless,0,JJ,IN,NN,mouse,0,1,1
15,unless,0,0,,unless,0,you,0,IN,PRP,JJ,unnecessary,0,1,1
16,you,0,1,PRP,you,0,are,0,PRP,VBP,IN,unless,1,1,0
17,are,0,0,,be,0,gaming,0,VBP,VBG,PRP,you,1,1,0
18,gaming,1,1,VBG,game,0,,0,VBG,,VBP,are,0,1,1
0,Plus,0,0,,Plus,0,it,1,CC,PRP,,,0,1,1
1,it,0,1,PRP,it,0,is,0,PRP,VBZ,CC,Plus,1,2,0
2,is,0,0,,be,0,small,0,VBZ,JJ,PRP,it,1,1,0
3,small,0,0,,small,0,and,0,JJ,CC,VBZ,is,0,1,1
4,and,0,0,,and,0,reasonably,0,CC,RB,JJ,small,1,2,0
5,reasonably,0,0,,reasonably,0,light,0,RB,VBD,CC,and,0,1,1
6,light,0,1,VBD,light,0,so,0,VBD,RB,RB,reasonably,0,1,1
7,so,0,0,,so,0,I,0,RB,PRP,VBD,light,1,1,0
8,I,0,1,PRP,I,0,can,1,PRP,MD,RB,so,0,1,0
9,can,0,0,,can,0,take,0,MD,VB,PRP,I,1,1,0
10,take,0,0,,take,0,it,0,VB,PRP,MD,can,0,1,1
11,it,0,1,PRP,it,0,with,0,PRP,IN,VB,take,1,2,0
12,with,0,0,,with,0,me,0,IN,PRP,PRP,it,1,1,1
13,me,0,1,PRP,me,0,to,0,PRP,TO,IN,with,1,1,0
14,to,0,0,,to,0,and,0,TO,CC,PRP,me,1,1,0
15,and,0,0,,and,0,from,0,CC,IN,TO,to,1,2,0
16,from,0,0,,from,0,work,0,IN,NN,CC,and,1,1,1
17,work,0,1,NN,work,0,,0,NN,,IN,from,0,1,1
0,I,0,1,PRP,I,0,HATE,1,PRP,VBP,,,0,1,0
1,HATE,0,0,,HATE,0,this,0,VBP,DT,PRP,I,0,1,1
2,this,0,1,DT,this,0,one,0,DT,NN,VBP,HATE,1,1,1
3,one,0,1,NN,one,0,,0,NN,,DT,this,0,1,0
0,They,0,1,PRP,They,0,were,1,PRP,VBD,,,0,1,1
1,were,0,0,,be,0,totally,0,VBD,RB,PRP,They,1,1,1
2,totally,0,0,,totally,0,unconcerned,0,RB,JJ,VBD,were,0,1,1
3,unconcerned,0,0,,unconcerned,0,that,0,JJ,IN,RB,totally,0,1,1
4,that,0,0,,that,0,the,0,IN,DT,JJ,unconcerned,1,1,1
5,the,0,0,,the,0,computer,0,DT,NN,IN,that,1,2,0
6,computer,0,1,NN,computer,0,was,0,NN,VBD,DT,the,0,1,1
7,was,0,0,,be,0,not,0,VBD,RB,NN,computer,1,1,0
8,not,0,0,,not,0,correctly,0,RB,RB,VBD,was,1,1,0
9,correctly,0,0,,correctly,0,repaired,0,RB,VBN,RB,not,0,1,1
10,repaired,0,0,,repair,0,in,0,VBN,IN,RB,correctly,0,1,1
11,in,0,0,,in,0,the,0,IN,DT,VBN,repaired,1,1,0
12,the,0,0,,the,0,first,0,DT,JJ,IN,in,1,2,0
13,first,0,0,,first,0,place,0,JJ,NN,DT,the,0,1,1
14,place,0,1,NN,place,0,,0,NN,,JJ,first,0,1,1
0,Toshiba,0,1,NNP,Toshiba,1,does,1,NNP,VBZ,,,0,1,1
1,does,0,0,,do,0,not,0,VBZ,RB,NNP,Toshiba,1,1,1
2,not,0,0,,not,0,send,0,RB,VB,VBZ,does,1,1,0
3,send,0,0,,send,0,any,0,VB,DT,RB,not,0,1,1
4,any,0,0,,any,0,one,0,DT,CD,VB,send,1,1,0
5,one,0,1,CD,one,0,out,0,CD,RP,DT,any,0,1,0
6,out,0,0,,out,0,unless,0,RP,IN,CD,one,1,1,0
7,unless,0,0,,unless,0,you,0,IN,PRP,RP,out,0,1,1
8,you,0,1,PRP,you,0,have,0,PRP,VBP,IN,unless,1,1,0
9,have,0,0,,have,0,paid,0,VBP,VBN,PRP,you,1,2,1
10,paid,0,0,,pay,0,extra,0,VBN,JJ,VBP,have,0,1,1
11,extra,0,0,,extra,0,to,0,JJ,TO,VBN,paid,0,1,1
12,to,0,0,,to,0,have,0,TO,VB,JJ,extra,1,1,0
13,have,0,0,,have,0,the,0,VB,DT,TO,to,1,2,1
14,the,0,0,,the,0,on,0,DT,IN,VB,have,1,1,0
15,on,0,0,,on,0,site,0,IN,NN,DT,the,1,1,0
16,site,0,0,,site,0,repair,0,NN,NN,IN,on,0,1,1
17,repair,0,1,NN,repair,0,done,0,NN,VBN,NN,site,0,1,1
18,done,0,0,,do,0,,0,VBN,,NN,repair,0,1,1
0,Oh,0,0,,Oh,0,boy,1,UH,NN,,,0,1,0
1,boy,0,0,,boy,0,,0,NN,,UH,Oh,0,1,0
0,But,0,0,,But,0,while,1,CC,IN,,,0,1,0
1,while,0,1,IN,while,0,this,0,IN,DT,CC,But,1,1,1
2,this,0,1,DT,this,0,is,0,DT,VBZ,IN,while,1,1,1
3,is,0,0,,be,0,one,0,VBZ,CD,DT,this,1,1,0
4,one,0,1,CD,one,0,big,0,CD,JJ,VBZ,is,0,1,0
5,big,0,0,,big,0,advantage,0,JJ,NN,CD,one,0,1,0
6,advantage,0,1,NN,advantage,0,as,0,NN,IN,JJ,big,0,1,1
7,as,0,0,,a,0,you,0,IN,PRP,NN,advantage,1,1,0
8,you,0,1,PRP,you,0,may,0,PRP,MD,IN,as,1,1,0
9,may,0,0,,may,0,know,0,MD,VB,PRP,you,0,1,0
10,know,0,0,,know,0,from,0,VB,IN,MD,may,0,1,1
11,from,0,0,,from,0,the,0,IN,DT,VB,know,1,1,1
12,the,0,0,,the,0,company,0,DT,NN,IN,from,1,1,0
13,company,0,1,NN,company,0,s,0,NN,VBD,DT,the,0,1,1
14,s,0,0,,s,0,recent,0,VBD,JJ,NN,company,1,1,0
15,recent,0,0,,recent,0,commercials,0,JJ,NNS,VBD,s,0,1,1
16,commercials,0,1,NNS,commercials,0,there,0,NNS,EX,JJ,recent,0,1,1
17,there,0,1,EX,there,0,are,0,EX,VBP,NNS,commercials,1,1,1
18,are,0,0,,be,0,other,0,VBP,JJ,EX,there,1,1,0
19,other,0,0,,other,0,things,0,JJ,NNS,VBP,are,1,1,1
20,things,0,1,NNS,things,0,to,0,NNS,TO,JJ,other,0,1,1
21,to,0,0,,to,0,consider,0,TO,VB,NNS,things,1,1,0
22,consider,0,0,,consider,0,before,0,VB,IN,TO,to,0,1,1
23,before,0,0,,before,0,going,0,IN,VBG,VB,consider,1,1,1
24,going,0,0,,go,0,with,0,VBG,IN,IN,before,0,1,1
25,with,0,0,,with,0,Apple,0,IN,NNP,VBG,going,1,1,1
26,Apple,0,1,NNP,Apple,1,,1,NNP,,IN,with,0,1,1
0,I,0,1,PRP,I,0,love,1,PRP,VBP,,,0,1,0
1,love,0,0,,love,0,the,0,VBP,DT,PRP,I,0,1,1
2,the,0,0,,the,0,way,0,DT,NN,VBP,love,1,2,0
3,way,0,1,NN,way,0,the,0,NN,DT,DT,the,0,1,0
4,the,0,0,,the,0,entire,0,DT,JJ,NN,way,1,2,0
5,entire,0,0,,entire,0,suite,0,JJ,NN,DT,the,0,1,1
6,suite,0,1,NN,suite,0,of,0,NN,IN,JJ,entire,0,1,1
7,of,0,0,,of,0,software,0,IN,NN,NN,suite,1,1,0
8,software,1,1,NN,software,0,works,0,NN,VBZ,IN,of,0,1,1
9,works,0,0,,work,0,together,0,VBZ,RB,NN,software,0,1,1
10,together,0,0,,together,0,,0,RB,,VBZ,works,0,1,1
0,The,0,0,,The,0,speed,1,DT,NN,,,0,1,0
1,speed,1,1,NN,speed,0,is,0,NN,VBZ,DT,The,0,1,1
2,is,0,0,,be,0,incredible,0,VBZ,JJ,NN,speed,1,1,0
3,incredible,0,0,,incredible,0,and,0,JJ,CC,VBZ,is,0,1,1
4,and,0,0,,and,0,I,0,CC,PRP,JJ,incredible,1,1,0
5,I,0,1,PRP,I,0,am,1,PRP,VBP,CC,and,0,1,0
6,am,0,0,,be,0,more,0,VBP,JJR,PRP,I,1,1,0
7,more,0,1,JJR,more,0,than,0,JJR,IN,VBP,am,1,1,1
8,than,0,0,,than,0,satisfied,0,IN,JJ,JJR,more,1,1,1
9,satisfied,0,0,,satisfied,0,,0,JJ,,IN,than,0,1,1
0,on,0,0,,on,0,the,0,IN,DT,,,1,1,0
1,the,0,0,,the,0,bright,0,DT,JJ,IN,on,1,1,0
2,bright,0,0,,bright,0,side,0,JJ,NN,DT,the,0,1,1
3,side,0,1,NN,side,0,at,0,NN,IN,JJ,bright,0,1,1
4,at,0,0,,at,0,least,0,IN,JJS,NN,side,1,1,0
5,least,0,0,,least,0,I,0,JJS,PRP,IN,at,0,1,1
6,I,0,1,PRP,I,0,was,1,PRP,VBD,JJS,least,0,1,0
7,was,0,0,,be,0,not,0,VBD,RB,PRP,I,1,1,0
8,not,0,0,,not,0,without,0,RB,IN,VBD,was,1,1,0
9,without,0,0,,without,0,my,0,IN,PRP$,RB,not,0,1,1
10,my,0,0,,my,0,laptop,0,PRP$,NN,IN,without,1,1,0
11,laptop,0,1,NN,laptop,0,for,0,NN,IN,PRP$,my,0,1,1
12,for,0,0,,for,0,long,0,IN,RB,NN,laptop,1,1,0
13,long,0,0,,long,0,this,0,RB,DT,IN,for,0,1,1
14,this,0,1,DT,this,0,time,0,DT,NN,RB,long,1,1,1
15,time,0,1,NN,time,0,,0,NN,,DT,this,0,1,1
0,This,0,0,,This,0,laptop,1,DT,JJ,,,0,1,1
1,laptop,0,1,JJ,laptop,0,meets,0,JJ,NNS,DT,This,0,1,1
2,meets,0,0,,meet,0,every,0,NNS,DT,JJ,laptop,0,1,1
3,every,0,0,,every,0,expectation,0,DT,NN,NNS,meets,0,1,1
4,expectation,0,1,NN,expectation,0,and,0,NN,CC,DT,every,0,1,1
5,and,0,0,,and,0,Windows,0,CC,NNP,NN,expectation,1,1,0
6,Windows,1,1,NNP,Windows,0,7,1,NNP,CD,CC,and,0,1,1
7,7,0,0,,7,0,is,1,CD,VBZ,NNP,Windows,0,1,0
8,is,0,0,,be,0,great,0,VBZ,JJ,CD,7,1,1,0
9,great,0,0,,great,0,,0,JJ,,VBZ,is,0,1,1
0,that,0,0,,that,0,has,0,DT,VBZ,,,1,2,1
1,has,0,0,,have,0,that,0,VBZ,DT,DT,that,1,1,0
2,that,0,0,,that,0,is,0,DT,VBZ,VBZ,has,1,2,1
3,is,0,0,,be,0,how,0,VBZ,WRB,DT,that,1,1,0
4,how,0,0,,how,0,frustrating,0,WRB,JJ,VBZ,is,1,1,0
5,frustrating,0,0,,frustrate,0,it,0,JJ,PRP,WRB,how,0,1,1
6,it,0,1,PRP,it,0,was,0,PRP,VBD,JJ,frustrating,1,1,0
7,was,0,0,,be,0,,0,VBD,,PRP,it,1,1,0
0,I,0,1,PRP,I,0,can,1,PRP,MD,,,0,1,0
1,can,0,0,,can,0,barely,0,MD,RB,PRP,I,1,1,0
2,barely,0,0,,barely,0,use,0,RB,VB,MD,can,0,1,1
3,use,0,0,,use,0,any,0,VB,DT,RB,barely,0,1,0
4,any,0,0,,any,0,usb,0,DT,JJ,VB,use,1,1,0
5,usb,1,0,,usb,0,devices,0,JJ,NNS,DT,any,0,1,0
6,devices,1,1,NNS,devices,0,because,0,NNS,IN,JJ,usb,0,1,1
7,because,0,0,,because,0,they,0,IN,PRP,NNS,devices,1,1,1
8,they,0,1,PRP,they,0,will,0,PRP,MD,IN,because,1,1,1
9,will,0,0,,will,0,not,0,MD,RB,PRP,they,1,1,1
10,not,0,0,,not,0,stay,0,RB,VB,MD,will,1,1,0
11,stay,0,0,,stay,0,connected,0,VB,VBN,RB,not,0,1,1
12,connected,0,0,,connect,0,properly,0,VBN,RB,VB,stay,0,1,1
13,properly,0,0,,properly,0,,0,RB,,VBN,connected,0,1,1
