word,aspect,head_word,head_word_tag_new,lematized_words,ner,next_words,ortho_features,pos_tag,post_word_tag,pre_word_tag,prev_words,stopword,token_freq,word_len
I,0,1,PRP,I,0,charge,1,PRP,VBP,,,0,1,0
charge,1,0,,charge,0,it,0,VBP,PRP,PRP,I,0,1,1
it,0,1,PRP,it,0,at,0,PRP,IN,VBP,charge,1,1,0
at,0,0,,at,0,night,0,IN,NN,PRP,it,1,1,0
night,0,1,NN,night,0,and,0,NN,CC,IN,at,0,1,1
and,0,0,,and,0,skip,0,CC,NN,NN,night,1,1,0
skip,0,0,,skip,0,taking,0,NN,VBG,CC,and,0,1,1
taking,0,0,,take,0,the,0,VBG,DT,NN,skip,0,1,1
the,0,0,,the,0,cord,0,DT,NN,VBG,taking,1,2,0
cord,1,1,NN,cord,0,with,0,NN,IN,DT,the,0,1,1
with,0,0,,with,0,me,0,IN,PRP,NN,cord,1,1,1
me,0,1,PRP,me,0,because,0,PRP,IN,IN,with,1,1,0
because,0,0,,because,0,of,0,IN,IN,PRP,me,1,1,1
of,0,0,,of,0,the,0,IN,DT,IN,because,1,1,0
the,0,0,,the,0,good,0,DT,JJ,IN,of,1,2,0
good,0,0,,good,0,battery,0,JJ,NN,DT,the,0,1,1
battery,1,1,NN,battery,0,life,0,NN,NN,JJ,good,0,1,1
life,1,1,NN,life,0,,0,NN,,NN,battery,0,1,1
I,0,1,PRP,I,0,bought,1,PRP,VBD,,,0,1,0
bought,0,0,,buy,0,a,0,VBD,DT,PRP,I,0,1,1
a,0,0,,a,0,HP,0,DT,NNP,VBD,bought,1,1,0
HP,1,0,,HP,0,Pavilion,0,NNP,NNP,DT,a,0,1,0
Pavilion,0,0,,Pavilion,0,DV4,1,NNP,NNP,NNP,HP,0,1,1
DV4,0,0,,DV4,0,1222nr,0,NNP,CD,NNP,Pavilion,0,1,0
1222nr,0,0,,1222nr,0,laptop,0,CD,NN,NNP,DV4,0,1,1
laptop,0,1,NN,laptop,0,and,0,NN,CC,CD,1222nr,0,1,1
and,0,0,,and,0,have,0,CC,VBP,NN,laptop,1,1,0
have,0,0,,have,0,had,0,VBP,VBN,CC,and,1,1,1
had,0,0,,have,0,so,0,VBN,RB,VBP,have,1,1,0
so,0,0,,so,0,many,0,RB,JJ,VBN,had,1,1,0
many,0,0,,many,0,problems,0,JJ,NNS,RB,so,0,1,1
problems,0,1,NNS,problems,0,with,0,NNS,IN,JJ,many,0,1,1
with,0,0,,with,0,the,0,IN,DT,NNS,problems,1,1,1
the,0,0,,the,0,computer,0,DT,NN,IN,with,1,1,0
computer,1,1,NN,computer,0,,0,NN,,DT,the,0,1,1
The,0,0,,The,0,tech,1,DT,NN,,,0,1,0
tech,1,0,,tech,0,guy,0,NN,NN,DT,The,0,1,1
guy,1,1,NN,guy,0,then,0,NN,RB,NN,tech,0,1,0
then,0,0,,then,0,said,0,RB,VBD,NN,guy,1,1,1
said,0,0,,say,0,the,0,VBD,DT,RB,then,0,1,1
the,0,0,,the,0,service,0,DT,NN,VBD,said,1,3,0
service,1,0,,service,0,center,0,NN,NN,DT,the,0,1,1
center,1,1,NN,center,0,does,0,NN,VBZ,NN,service,0,1,1
does,0,0,,do,0,not,0,VBZ,RB,NN,center,1,1,1
not,0,0,,not,0,do,0,RB,VB,VBZ,does,1,1,0
do,0,0,,do,0,1,0,VB,CD,RB,not,1,1,0
1,1,0,,1,0,to,1,CD,TO,VB,do,0,2,0
to,0,0,,to,0,1,0,TO,CD,CD,1,1,3,0
1,1,0,,1,0,exchange,1,CD,NN,TO,to,0,2,0
exchange,0,1,NN,exchange,0,and,0,NN,CC,CD,1,0,1,1
and,0,0,,and,0,I,0,CC,PRP,NN,exchange,1,1,0
I,0,1,PRP,I,0,have,1,PRP,VBP,CC,and,0,2,0
have,0,0,,have,0,to,0,VBP,TO,PRP,I,1,1,1
to,0,0,,to,0,direct,0,TO,VB,VBP,have,1,3,0
direct,0,0,,direct,0,my,0,VB,PRP$,TO,to,0,1,1
my,0,0,,my,0,concern,0,PRP$,NN,VB,direct,1,2,0
concern,0,1,NN,concern,0,to,0,NN,TO,PRP$,my,0,1,1
to,0,0,,to,0,the,0,TO,DT,NN,concern,1,3,0
the,0,0,,the,0,sales,0,DT,NNS,TO,to,1,3,0
sales,1,0,,sale,0,team,0,NNS,NN,DT,the,0,1,1
team,1,1,NN,team,0,which,0,NN,WDT,NNS,sales,0,1,1
which,0,0,,which,0,is,0,WDT,VBZ,NN,team,1,2,1
is,0,0,,be,0,the,0,VBZ,DT,WDT,which,1,1,0
the,0,0,,the,0,retail,0,DT,JJ,VBZ,is,1,3,0
retail,1,0,,retail,0,shop,0,JJ,NN,DT,the,0,1,1
shop,0,1,NN,shop,0,which,0,NN,WDT,JJ,retail,0,1,1
which,0,0,,which,0,I,0,WDT,PRP,NN,shop,1,2,1
I,0,1,PRP,I,0,bought,1,PRP,VBD,WDT,which,0,2,0
bought,0,0,,buy,0,my,0,VBD,PRP$,PRP,I,0,1,1
my,0,0,,my,0,netbook,0,PRP$,NN,VBD,bought,1,2,0
netbook,0,1,NN,netbook,0,from,0,NN,IN,PRP$,my,0,1,1
from,0,0,,from,0,,0,IN,,NN,netbook,1,1,1
I,0,1,PRP,I,0,investigated,1,PRP,VBD,,,0,1,0
investigated,0,0,,investigate,0,netbooks,0,VBD,NNS,PRP,I,0,1,1
netbooks,0,1,NNS,netbooks,0,and,0,NNS,CC,VBD,investigated,0,1,1
and,0,0,,and,0,saw,0,CC,VBD,NNS,netbooks,1,1,0
saw,0,0,,saw,0,the,0,VBD,DT,CC,and,0,1,0
the,0,0,,the,0,Toshiba,0,DT,NNP,VBD,saw,1,1,0
Toshiba,1,1,NNP,Toshiba,1,NB305,1,NNP,NNP,DT,the,0,1,1
NB305,0,0,,NB305,0,N410BL,0,NNP,NNP,NNP,Toshiba,0,1,1
N410BL,0,0,,N410BL,0,,0,NNP,,NNP,NB305,0,1,1
The,0,0,,The,0,other,1,DT,JJ,,,0,1,0
other,0,0,,other,0,day,0,JJ,NN,DT,The,1,1,1
day,1,1,NN,day,0,I,0,NN,PRP,JJ,other,0,1,0
I,0,1,PRP,I,0,had,1,PRP,VBD,NN,day,0,1,0
had,0,0,,have,0,a,0,VBD,DT,PRP,I,1,1,0
a,0,0,,a,0,presentation,0,DT,NN,VBD,had,1,5,0
presentation,0,1,NN,presentation,0,to,0,NN,TO,DT,a,0,1,1
to,0,0,,to,0,do,0,TO,VB,NN,presentation,1,4,0
do,0,0,,do,0,for,0,VB,IN,TO,to,1,1,0
for,0,0,,for,0,a,0,IN,DT,VB,do,1,1,0
a,0,0,,a,0,seminar,0,DT,NN,IN,for,1,5,0
seminar,0,1,NN,seminar,0,at,0,NN,IN,DT,a,0,1,1
at,0,0,,at,0,a,0,IN,DT,NN,seminar,1,1,0
a,0,0,,a,0,large,0,DT,JJ,IN,at,1,5,0
large,0,0,,large,0,conference,0,JJ,NN,DT,a,0,1,1
conference,0,1,NN,conference,0,in,0,NN,IN,JJ,large,0,1,1
in,0,0,,in,0,town,0,IN,NN,NN,conference,1,1,0
town,0,1,NN,town,0,lots,0,NN,NNS,IN,in,0,1,1
lots,0,1,NNS,lot,0,of,0,NNS,IN,NN,town,0,1,1
of,0,0,,of,0,people,0,IN,NNS,NNS,lots,1,1,0
people,0,1,NNS,people,0,little,0,NNS,JJ,IN,of,0,1,1
little,0,0,,little,0,time,0,JJ,NN,NNS,people,0,1,1
time,1,1,NN,time,0,to,0,NN,TO,JJ,little,0,1,1
to,0,0,,to,0,prep,0,TO,VB,NN,time,1,4,0
prep,0,0,,prep,0,and,0,VB,CC,TO,to,0,1,1
and,0,0,,and,0,have,0,CC,VB,VB,prep,1,1,0
have,0,0,,have,0,to,0,VB,TO,CC,and,1,1,1
to,0,0,,to,0,set,0,TO,VB,VB,have,1,4,0
set,1,0,,set,0,up,0,VB,RP,TO,to,0,1,0
up,0,0,,up,0,a,0,RP,DT,VB,set,1,1,0
a,0,0,,a,0,computer,0,DT,NN,RP,up,1,5,0
computer,1,1,NN,computer,0,to,0,NN,TO,DT,a,0,1,1
to,0,0,,to,0,a,0,TO,DT,NN,computer,1,4,0
a,0,0,,a,0,projector,0,DT,NN,TO,to,1,5,0
projector,0,1,NN,projector,0,etc,0,NN,NN,DT,a,0,1,1
etc,0,0,,etc,0,,0,NN,,NN,projector,0,1,0
it,0,1,PRP,it,0,is,0,PRP,VBZ,,,1,1,0
is,0,0,,be,0,of,0,VBZ,IN,PRP,it,1,6,0
of,0,0,,of,0,high,0,IN,JJ,VBZ,is,1,2,0
high,0,0,,high,0,quality,0,JJ,NN,IN,of,0,1,1
quality,1,1,NN,quality,0,has,0,NN,VBZ,JJ,high,0,1,1
has,0,0,,have,0,a,0,VBZ,DT,NN,quality,1,1,0
a,0,0,,a,0,killer,0,DT,NN,VBZ,has,1,1,0
killer,0,0,,killer,0,GUI,0,NN,NNP,DT,a,0,1,1
GUI,1,1,NNP,GUI,1,is,0,NNP,VBZ,NN,killer,0,1,0
is,0,0,,be,0,extremely,0,VBZ,RB,NNP,GUI,1,6,0
extremely,0,0,,extremely,0,stable,0,RB,JJ,VBZ,is,0,1,1
stable,0,0,,stable,0,is,0,JJ,VBZ,RB,extremely,0,1,1
is,0,0,,be,0,highly,0,VBZ,RB,JJ,stable,1,6,0
highly,0,0,,highly,0,expandable,0,RB,JJ,VBZ,is,0,1,1
expandable,0,0,,expandable,0,is,0,JJ,VBZ,RB,highly,0,1,1
is,0,0,,be,0,bundled,0,VBZ,VBN,JJ,expandable,1,6,0
bundled,0,0,,bundle,0,with,0,VBN,IN,VBZ,is,0,1,1
with,0,0,,with,0,lots,0,IN,NNS,VBN,bundled,1,1,1
lots,0,1,NNS,lot,0,of,0,NNS,IN,IN,with,0,1,1
of,0,0,,of,0,very,0,IN,RB,NNS,lots,1,2,0
very,0,0,,very,0,good,0,RB,JJ,IN,of,1,1,1
good,0,0,,good,0,applications,0,JJ,NNS,RB,very,0,1,1
applications,1,1,NNS,applications,0,is,0,NNS,VBZ,JJ,good,0,1,1
is,0,0,,be,0,easy,0,VBZ,JJ,NNS,applications,1,6,0
easy,0,0,,easy,0,to,0,JJ,TO,VBZ,is,0,1,1
to,0,0,,to,0,use,0,TO,VB,JJ,easy,1,1,0
use,1,0,,use,0,and,0,VB,CC,TO,to,0,1,0
and,0,0,,and,0,is,0,CC,VBZ,VB,use,1,1,0
is,0,0,,be,0,absolutely,0,VBZ,RB,CC,and,1,6,0
absolutely,0,0,,absolutely,0,gorgeous,0,RB,JJ,VBZ,is,0,1,1
gorgeous,0,0,,gorgeous,0,,0,JJ,,RB,absolutely,0,1,1
Easy,0,0,,Easy,1,to,1,NNP,TO,,,0,1,1
to,0,0,,to,0,start,0,TO,VB,NNP,Easy,1,1,0
start,1,0,,start,0,up,0,VB,RP,TO,to,0,1,1
up,0,0,,up,0,and,0,RP,CC,VB,start,1,1,0
and,0,0,,and,0,does,0,CC,VBZ,RP,up,1,1,0
does,0,0,,do,0,not,0,VBZ,RB,CC,and,1,1,1
not,0,0,,not,0,overheat,0,RB,VB,VBZ,does,1,1,0
overheat,0,0,,overheat,0,as,0,VB,RB,RB,not,0,1,1
as,0,0,,as,0,much,0,RB,JJ,VB,overheat,1,2,0
much,0,0,,much,0,as,0,JJ,IN,RB,as,0,1,1
as,0,0,,as,0,other,0,IN,JJ,JJ,much,1,2,0
other,0,0,,other,0,laptops,0,JJ,NNS,IN,as,1,1,1
laptops,0,1,NNS,laptops,0,,0,NNS,,JJ,other,0,1,1
Sad,0,0,,Sad,1,very,1,JJ,RB,,,0,1,0
very,0,0,,very,0,SAD,0,RB,JJ,JJ,Sad,1,1,1
SAD,0,0,,SAD,1,,0,JJ,,RB,very,0,1,0
I,0,1,PRP,I,0,even,1,PRP,RB,,,0,1,0
even,0,0,,even,0,got,0,RB,VBD,PRP,I,0,1,1
got,0,0,,get,0,my,0,VBD,PRP$,RB,even,0,1,0
my,0,0,,my,0,teenage,0,PRP$,NN,VBD,got,1,1,0
teenage,0,0,,teenage,0,son,0,NN,NN,PRP$,my,0,1,1
son,0,0,,son,0,one,0,NN,CD,NN,teenage,0,1,0
one,1,1,CD,one,0,because,0,CD,IN,NN,son,0,1,0
because,0,0,,because,0,of,0,IN,IN,CD,one,1,1,1
of,0,0,,of,0,the,0,IN,DT,IN,because,1,1,0
the,0,0,,the,0,features,0,DT,NNS,IN,of,1,1,0
features,1,1,NNS,feature,0,that,0,NNS,IN,DT,the,0,1,1
that,0,0,,that,0,it,0,IN,PRP,NNS,features,1,1,1
it,0,1,PRP,it,0,offers,0,PRP,VBZ,IN,that,1,1,0
offers,0,0,,offer,0,like,0,VBZ,IN,PRP,it,0,1,1
like,0,0,,like,0,iChat,0,IN,WP,VBZ,offers,0,1,1
iChat,1,1,WP,iChat,0,Photobooth,0,WP,NNP,IN,like,0,1,1
Photobooth,1,1,NNP,Photobooth,1,garage,1,NNP,NN,WP,iChat,0,1,1
garage,1,0,,garage,0,band,0,NN,NN,NNP,Photobooth,0,1,1
band,1,1,NN,band,0,and,0,NN,CC,NN,garage,0,1,1
and,0,0,,and,0,more,0,CC,JJR,NN,band,1,1,0
more,0,1,JJR,more,0,,0,JJR,,CC,and,1,1,1
Needless,0,0,,Needless,1,to,1,NN,TO,,,0,1,1
to,0,0,,to,0,say,0,TO,VB,NN,Needless,1,1,0
say,0,0,,say,0,a,0,VB,DT,TO,to,0,1,0
a,0,0,,a,0,PC,0,DT,NN,VB,say,1,2,0
PC,0,1,NN,PC,0,that,0,NN,WDT,DT,a,0,1,0
that,0,0,,that,0,can,0,WDT,MD,NN,PC,1,1,1
can,0,0,,can,0,not,0,MD,RB,WDT,that,1,1,0
not,0,0,,not,0,support,0,RB,VB,MD,can,1,1,0
support,1,0,,support,0,a,0,VB,DT,RB,not,0,1,1
a,0,0,,a,0,cell,0,DT,NN,VB,support,1,2,0
cell,1,0,,cell,0,phone,0,NN,NN,DT,a,0,1,1
phone,1,1,NN,phone,0,is,0,NN,VBZ,NN,cell,0,1,1
is,0,0,,be,0,less,0,VBZ,JJR,NN,phone,1,1,0
less,0,0,,less,0,than,0,JJR,IN,VBZ,is,0,1,1
than,0,0,,than,0,useless,0,IN,NN,JJR,less,1,1,1
useless,0,0,,useless,0,,0,NN,,IN,than,0,1,1
Great,0,0,,Great,1,laptop,1,NNP,VBZ,,,0,1,1
laptop,0,1,VBZ,laptop,0,that,0,VBZ,IN,NNP,Great,0,1,1
that,0,0,,that,0,offers,0,IN,VBZ,VBZ,laptop,1,1,1
offers,0,0,,offer,0,many,0,VBZ,JJ,IN,that,0,1,1
many,0,0,,many,0,great,0,JJ,JJ,VBZ,offers,0,1,1
great,0,0,,great,0,features,0,JJ,NNS,JJ,many,0,1,1
features,1,1,NNS,feature,0,,0,NNS,,JJ,great,0,1,1
they,0,1,PRP,they,0,have,0,PRP,VBP,,,1,1,1
have,0,0,,have,0,done,0,VBP,VBN,PRP,they,1,1,1
done,0,0,,do,0,absolutely,0,VBN,RB,VBP,have,0,1,1
absolutely,0,0,,absolutely,0,nothing,0,RB,NN,VBN,done,0,1,1
nothing,0,1,NN,nothing,0,to,0,NN,TO,RB,absolutely,0,1,1
to,0,0,,to,0,fix,0,TO,VB,NN,nothing,1,1,0
fix,0,0,,fix,0,the,0,VB,DT,TO,to,0,1,0
the,0,0,,the,0,computer,0,DT,NN,VB,fix,1,1,0
computer,1,1,NN,computer,0,problem,0,NN,NN,DT,the,0,1,1
problem,0,1,NN,problem,0,,0,NN,,NN,computer,0,1,1
One,0,0,,One,0,night,1,CD,NN,,,0,1,0
night,0,1,NN,night,0,I,0,NN,PRP,CD,One,0,1,1
I,0,1,PRP,I,0,turned,1,PRP,VBD,NN,night,0,2,0
turned,0,0,,turn,0,the,0,VBD,DT,PRP,I,0,1,1
the,0,0,,the,0,freaking,0,DT,JJ,VBD,turned,1,2,0
freaking,0,0,,freak,0,thing,0,JJ,NN,DT,the,0,1,1
thing,0,1,NN,thing,0,off,0,NN,RP,JJ,freaking,0,1,1
off,0,0,,off,0,after,0,RP,IN,NN,thing,1,1,0
after,0,0,,after,0,using,0,IN,VBG,RP,off,1,1,1
using,1,0,,use,0,it,0,VBG,PRP,IN,after,0,1,1
it,0,1,PRP,it,0,the,0,PRP,DT,VBG,using,1,3,0
the,0,0,,the,0,next,0,DT,JJ,PRP,it,1,2,0
next,0,0,,next,0,day,0,JJ,NN,DT,the,0,1,1
day,1,1,NN,day,0,I,0,NN,PRP,JJ,next,0,1,0
I,0,1,PRP,I,0,turn,1,PRP,VBP,NN,day,0,2,0
turn,0,0,,turn,0,it,0,VBP,PRP,PRP,I,0,1,1
it,0,1,PRP,it,0,on,0,PRP,IN,VBP,turn,1,3,0
on,0,0,,on,0,no,0,IN,DT,PRP,it,1,1,0
no,0,0,,no,0,GUI,0,DT,NNP,IN,on,1,1,0
GUI,1,1,NNP,GUI,0,screen,0,NNP,NN,DT,no,0,1,0
screen,1,1,NN,screen,0,all,0,NN,DT,NNP,GUI,0,1,1
all,0,0,,all,0,dark,0,DT,JJ,NN,screen,1,1,0
dark,0,1,JJ,dark,0,power,0,JJ,NN,DT,all,0,1,1
power,1,0,,power,0,light,0,NN,VBD,JJ,dark,0,1,1
light,1,1,VBD,light,0,steady,0,VBD,JJ,NN,power,0,2,1
steady,0,0,,steady,0,hard,0,JJ,JJ,VBD,light,0,2,1
hard,1,0,,hard,0,drive,0,JJ,NN,JJ,steady,0,1,1
drive,1,0,,drive,0,light,0,NN,NN,JJ,hard,0,1,1
light,1,1,NN,light,0,steady,0,NN,JJ,NN,drive,0,2,1
steady,0,0,,steady,0,and,0,JJ,CC,NN,light,0,2,1
and,0,0,,and,0,not,0,CC,RB,JJ,steady,1,1,0
not,0,0,,not,0,flashing,0,RB,VBG,CC,and,1,1,0
flashing,0,0,,flash,0,as,0,VBG,IN,RB,not,0,1,1
as,0,0,,as,0,it,0,IN,PRP,VBG,flashing,1,1,0
it,0,1,PRP,it,0,usually,0,PRP,RB,IN,as,1,3,0
usually,0,0,,usually,0,does,0,RB,VBZ,PRP,it,0,1,1
does,0,0,,do,0,,0,VBZ,,RB,usually,1,1,1
Still,0,0,,Still,0,pretty,1,RB,RB,,,0,1,1
pretty,0,0,,pretty,0,pricey,0,RB,JJ,RB,Still,0,1,1
pricey,0,0,,pricey,0,but,0,JJ,CC,RB,pretty,0,1,1
but,0,0,,but,0,I,0,CC,PRP,JJ,pricey,1,1,0
I,0,1,PRP,I,0,have,1,PRP,VBP,CC,but,0,1,0
have,0,0,,have,0,been,0,VBP,VBN,PRP,I,1,1,1
been,0,0,,be,0,putting,0,VBN,VBG,VBP,have,1,1,1
putting,0,0,,put,0,off,0,VBG,RP,VBN,been,0,1,1
off,0,0,,off,0,money,0,RP,NN,VBG,putting,1,1,0
money,0,1,NN,money,0,for,0,NN,IN,RP,off,0,1,1
for,0,0,,for,0,a,0,IN,DT,NN,money,1,1,0
a,0,0,,a,0,while,0,DT,NN,IN,for,1,2,0
while,0,1,NN,while,0,as,0,NN,IN,DT,a,1,1,1
as,0,0,,a,0,a,0,IN,DT,NN,while,1,1,0
a,0,0,,a,0,little,0,DT,JJ,IN,as,1,2,0
little,0,0,,little,0,Macbook,0,JJ,NNP,DT,a,0,1,1
Macbook,0,0,,Macbook,0,Fund,1,NNP,NNP,JJ,little,0,1,1
Fund,0,1,NNP,Fund,0,and,1,NNP,CC,NNP,Macbook,0,1,1
and,0,0,,and,0,finally,0,CC,RB,NNP,Fund,1,1,0
finally,0,0,,finally,0,got,0,RB,VBD,CC,and,0,1,1
got,0,0,,get,0,to,0,VBD,TO,RB,finally,0,1,0
to,0,0,,to,0,use,0,TO,VB,VBD,got,1,1,0
use,1,0,,use,0,it,0,VB,PRP,TO,to,0,1,0
it,0,1,PRP,it,0,,0,PRP,,VB,use,1,1,0
My,0,0,,My,0,only,1,PRP$,JJ,,,0,1,0
only,0,0,,only,0,disappointment,0,JJ,NN,PRP$,My,1,2,1
disappointment,0,1,NN,disappointment,0,with,0,NN,IN,JJ,only,0,1,1
with,0,0,,with,0,the,0,IN,DT,NN,disappointment,1,1,1
the,0,0,,the,0,13,0,DT,CD,IN,with,1,4,0
13,1,0,,13,0,model,1,CD,NN,DT,the,0,1,0
model,0,1,NN,model,0,is,0,NN,VBZ,CD,13,0,1,1
is,0,0,,be,0,that,0,VBZ,IN,NN,model,1,2,0
that,0,0,,that,0,they,0,IN,PRP,VBZ,is,1,2,1
they,0,1,PRP,they,0,are,0,PRP,VBP,IN,that,1,1,1
are,0,0,,be,0,the,0,VBP,DT,PRP,they,1,1,0
the,0,0,,the,0,only,0,DT,JJ,VBP,are,1,4,0
only,0,0,,only,0,ones,0,JJ,NNS,DT,the,1,2,1
ones,0,1,NNS,ones,0,in,0,NNS,IN,JJ,only,0,1,1
in,0,0,,in,0,the,0,IN,DT,NNS,ones,1,1,0
the,0,0,,the,0,MacBook,0,DT,NNP,IN,in,1,4,0
MacBook,0,0,,MacBook,1,Pro,0,NNP,NNP,DT,the,0,1,1
Pro,1,0,,Pro,0,line,1,NNP,NN,NNP,MacBook,0,1,0
line,1,1,NN,line,0,up,0,NN,RB,NNP,Pro,0,1,1
up,0,0,,up,0,without,0,RB,IN,NN,line,1,1,0
without,0,0,,without,0,an,0,IN,DT,RB,up,0,1,1
an,0,0,,an,0,i5,0,DT,NN,IN,without,1,1,0
i5,1,0,,i5,0,or,0,NN,CC,DT,an,0,1,0
or,0,0,,or,0,i7,0,CC,NN,NN,i5,1,1,0
i7,1,0,,i7,0,processor,0,NN,NN,CC,or,0,1,0
processor,1,1,NN,processor,0,and,0,NN,CC,NN,i7,0,1,1
and,0,0,,and,0,dual,0,CC,JJ,NN,processor,1,1,0
dual,0,0,,dual,0,graphics,0,JJ,NNS,CC,and,0,1,1
graphics,1,0,,graphic,0,cards,0,NNS,NNS,JJ,dual,0,1,1
cards,1,1,NNS,card,0,however,0,NNS,RB,NNS,graphics,0,1,1
however,0,0,,however,0,the,0,RB,DT,NNS,cards,0,1,1
the,0,0,,the,0,trade,0,DT,NN,RB,however,1,4,0
trade,0,0,,trade,0,off,0,NN,RP,DT,the,0,1,1
off,0,0,,off,0,is,0,RP,VBZ,NN,trade,1,1,0
is,0,0,,be,0,that,0,VBZ,IN,RP,off,1,2,0
that,0,0,,that,0,you,0,IN,PRP,VBZ,is,1,2,1
you,0,1,PRP,you,0,achieve,0,PRP,VBP,IN,that,1,1,0
achieve,0,0,,achieve,0,a,0,VBP,DT,PRP,you,0,1,1
a,0,0,,a,0,longer,0,DT,RBR,VBP,achieve,1,1,0
longer,0,0,,longer,0,battery,0,RBR,JJ,DT,a,0,1,1
battery,1,1,JJ,battery,0,life,0,JJ,NN,RBR,longer,0,1,1
life,1,1,NN,life,0,of,0,NN,IN,JJ,battery,0,1,1
of,0,0,,of,0,about,0,IN,IN,NN,life,1,1,0
about,0,0,,about,0,2,0,IN,CD,IN,of,1,1,1
2,1,0,,2,0,more,1,CD,JJR,IN,about,0,1,0
more,0,1,JJR,more,0,hours,0,JJR,NNS,CD,2,1,1,1
hours,0,1,NNS,hours,0,,0,NNS,,JJR,more,0,1,1
I,0,1,PRP,I,0,took,1,PRP,VBD,,,0,1,0
took,0,0,,take,0,it,0,VBD,PRP,PRP,I,0,1,1
it,0,1,PRP,it,0,back,0,PRP,RP,VBD,took,1,1,0
back,0,0,,back,0,for,0,RP,IN,PRP,it,0,1,1
for,0,0,,for,0,an,0,IN,DT,RP,back,1,1,0
an,0,0,,an,0,Asus,0,DT,NNP,IN,for,1,1,0
Asus,0,0,,Asus,0,and,1,NNP,CC,DT,an,0,1,1
and,0,0,,and,0,same,0,CC,JJ,NNP,Asus,1,1,0
same,0,0,,same,0,thing,0,JJ,NN,CC,and,1,1,1
thing,0,1,NN,thing,0,blue,0,NN,NN,JJ,same,0,1,1
blue,0,0,,blue,0,screen,0,NN,NN,NN,thing,0,1,1
screen,1,1,NN,screen,0,which,0,NN,WDT,NN,blue,0,1,1
which,0,0,,which,0,required,0,WDT,VBD,NN,screen,1,1,1
required,0,0,,require,0,me,0,VBD,PRP,WDT,which,0,1,1
me,0,1,PRP,me,0,to,0,PRP,TO,VBD,required,1,1,0
to,0,0,,to,0,remove,0,TO,VB,PRP,me,1,2,0
remove,0,0,,remove,0,the,0,VB,DT,TO,to,0,1,1
the,0,0,,the,0,battery,0,DT,NN,VB,remove,1,1,0
battery,1,1,NN,battery,0,to,0,NN,TO,DT,the,0,1,1
to,0,0,,to,0,reset,0,TO,VB,NN,battery,1,2,0
reset,0,0,,reset,0,,0,VB,,TO,to,0,1,1
In,0,0,,In,0,the,1,IN,DT,,,0,1,0
the,0,0,,the,0,shop,0,DT,NN,IN,In,1,3,0
shop,0,1,NN,shop,0,these,0,NN,DT,DT,the,0,1,1
these,0,0,,these,0,MacBooks,0,DT,NNP,NN,shop,1,1,1
MacBooks,0,1,NNP,MacBooks,1,are,0,NNP,VBP,DT,these,0,1,1
are,0,0,,be,0,encased,0,VBP,VBN,NNP,MacBooks,1,1,0
encased,0,0,,encase,0,in,0,VBN,IN,VBP,are,0,1,1
in,0,0,,in,0,a,0,IN,DT,VBN,encased,1,1,0
a,0,0,,a,0,soft,0,DT,JJ,IN,in,1,1,0
soft,0,0,,soft,0,rubber,0,JJ,NN,DT,a,0,1,1
rubber,1,0,,rubber,0,enclosure,0,NN,NN,JJ,soft,0,1,1
enclosure,1,1,NN,enclosure,0,so,0,NN,IN,NN,rubber,0,1,1
so,0,0,,so,0,you,0,IN,PRP,NN,enclosure,1,1,0
you,0,1,PRP,you,0,will,0,PRP,MD,IN,so,1,2,0
will,0,0,,will,0,never,0,MD,RB,PRP,you,1,1,1
never,0,0,,never,0,know,0,RB,VB,MD,will,0,1,1
know,0,0,,know,0,about,0,VB,IN,RB,never,0,1,1
about,0,0,,about,0,the,0,IN,DT,VB,know,1,1,1
the,0,0,,the,0,razor,0,DT,NN,IN,about,1,3,0
razor,0,0,,razor,0,edge,0,NN,NN,DT,the,0,1,1
edge,1,1,NN,edge,0,until,0,NN,IN,NN,razor,0,1,1
until,0,0,,until,0,you,0,IN,PRP,NN,edge,1,1,1
you,0,1,PRP,you,0,buy,0,PRP,VBP,IN,until,1,2,0
buy,0,0,,buy,0,it,0,VBP,PRP,PRP,you,0,1,0
it,0,1,PRP,it,0,get,0,PRP,VB,VBP,buy,1,3,0
get,0,0,,get,0,it,0,VB,PRP,PRP,it,0,1,0
it,0,1,PRP,it,0,home,0,PRP,RB,VB,get,1,3,0
home,1,0,,home,0,break,0,RB,VBP,PRP,it,0,1,1
break,0,0,,break,0,the,0,VBP,DT,RB,home,0,1,1
the,0,0,,the,0,seal,0,DT,NN,VBP,break,1,3,0
seal,0,1,NN,seal,0,and,0,NN,CC,DT,the,0,1,1
and,0,0,,and,0,use,0,CC,VB,NN,seal,1,1,0
use,1,0,,use,0,it,0,VB,PRP,CC,and,0,1,0
it,0,1,PRP,it,0,very,0,PRP,RB,VB,use,1,3,0
very,0,0,,very,0,clever,0,RB,JJ,PRP,it,1,1,1
clever,0,0,,clever,0,con,0,JJ,NN,RB,very,0,1,1
con,0,1,NN,con,0,,0,NN,,JJ,clever,0,1,0
However,0,0,,However,0,the,1,RB,DT,,,0,1,1
the,0,0,,the,0,multi,0,DT,NN,RB,However,1,1,0
multi,0,0,,multi,0,touch,0,NN,JJ,DT,the,0,1,1
touch,1,0,,touch,0,gestures,0,JJ,NNS,NN,multi,0,1,1
gestures,1,0,,gesture,0,and,0,NNS,CC,JJ,touch,0,1,1
and,0,0,,and,0,large,0,CC,JJ,NNS,gestures,1,1,0
large,0,0,,large,0,tracking,0,JJ,VBG,CC,and,0,1,1
tracking,1,0,,track,0,area,0,VBG,NN,JJ,large,0,1,1
area,1,1,NN,area,0,make,0,NN,VBP,VBG,tracking,0,1,1
make,0,0,,make,0,having,0,VBP,VBG,NN,area,0,1,1
having,0,0,,have,0,an,0,VBG,DT,VBP,make,1,1,1
an,0,0,,an,0,external,0,DT,JJ,VBG,having,1,1,0
external,1,0,,external,0,mouse,0,JJ,NN,DT,an,0,1,1
mouse,1,1,NN,mouse,0,unnecessary,0,NN,JJ,JJ,external,0,1,1
unnecessary,0,0,,unnecessary,0,unless,0,JJ,IN,NN,mouse,0,1,1
unless,0,0,,unless,0,you,0,IN,PRP,JJ,unnecessary,0,1,1
you,0,1,PRP,you,0,are,0,PRP,VBP,IN,unless,1,1,0
are,0,0,,be,0,gaming,0,VBP,VBG,PRP,you,1,1,0
gaming,1,1,VBG,game,0,,0,VBG,,VBP,are,0,1,1
Plus,0,0,,Plus,0,it,1,CC,PRP,,,0,1,1
it,0,1,PRP,it,0,is,0,PRP,VBZ,CC,Plus,1,2,0
is,0,0,,be,0,small,0,VBZ,JJ,PRP,it,1,1,0
small,0,0,,small,0,and,0,JJ,CC,VBZ,is,0,1,1
and,0,0,,and,0,reasonably,0,CC,RB,JJ,small,1,2,0
reasonably,0,0,,reasonably,0,light,0,RB,VBD,CC,and,0,1,1
light,1,1,VBD,light,0,so,0,VBD,RB,RB,reasonably,0,1,1
so,0,0,,so,0,I,0,RB,PRP,VBD,light,1,1,0
I,0,1,PRP,I,0,can,1,PRP,MD,RB,so,0,1,0
can,0,0,,can,0,take,0,MD,VB,PRP,I,1,1,0
take,0,0,,take,0,it,0,VB,PRP,MD,can,0,1,1
it,0,1,PRP,it,0,with,0,PRP,IN,VB,take,1,2,0
with,0,0,,with,0,me,0,IN,PRP,PRP,it,1,1,1
me,0,1,PRP,me,0,to,0,PRP,TO,IN,with,1,1,0
to,0,0,,to,0,and,0,TO,CC,PRP,me,1,1,0
and,0,0,,and,0,from,0,CC,IN,TO,to,1,2,0
from,0,0,,from,0,work,0,IN,NN,CC,and,1,1,1
work,1,1,NN,work,0,,0,NN,,IN,from,0,1,1
I,0,1,PRP,I,0,HATE,1,PRP,VBP,,,0,1,0
HATE,0,0,,HATE,0,this,0,VBP,DT,PRP,I,0,1,1
this,0,1,DT,this,0,one,0,DT,NN,VBP,HATE,1,1,1
one,1,1,NN,one,0,,0,NN,,DT,this,0,1,0
They,0,1,PRP,They,0,were,1,PRP,VBD,,,0,1,1
were,0,0,,be,0,totally,0,VBD,RB,PRP,They,1,1,1
totally,0,0,,totally,0,unconcerned,0,RB,JJ,VBD,were,0,1,1
unconcerned,0,0,,unconcerned,0,that,0,JJ,IN,RB,totally,0,1,1
that,0,0,,that,0,the,0,IN,DT,JJ,unconcerned,1,1,1
the,0,0,,the,0,computer,0,DT,NN,IN,that,1,2,0
computer,1,1,NN,computer,0,was,0,NN,VBD,DT,the,0,1,1
was,0,0,,be,0,not,0,VBD,RB,NN,computer,1,1,0
not,0,0,,not,0,correctly,0,RB,RB,VBD,was,1,1,0
correctly,0,0,,correctly,0,repaired,0,RB,VBN,RB,not,0,1,1
repaired,0,0,,repair,0,in,0,VBN,IN,RB,correctly,0,1,1
in,0,0,,in,0,the,0,IN,DT,VBN,repaired,1,1,0
the,0,0,,the,0,first,0,DT,JJ,IN,in,1,2,0
first,0,0,,first,0,place,0,JJ,NN,DT,the,0,1,1
place,0,1,NN,place,0,,0,NN,,JJ,first,0,1,1
Toshiba,1,1,NNP,Toshiba,1,does,1,NNP,VBZ,,,0,1,1
does,0,0,,do,0,not,0,VBZ,RB,NNP,Toshiba,1,1,1
not,0,0,,not,0,send,0,RB,VB,VBZ,does,1,1,0
send,0,0,,send,0,any,0,VB,DT,RB,not,0,1,1
any,0,0,,any,0,one,0,DT,CD,VB,send,1,1,0
one,1,1,CD,one,0,out,0,CD,RP,DT,any,0,1,0
out,0,0,,out,0,unless,0,RP,IN,CD,one,1,1,0
unless,0,0,,unless,0,you,0,IN,PRP,RP,out,0,1,1
you,0,1,PRP,you,0,have,0,PRP,VBP,IN,unless,1,1,0
have,0,0,,have,0,paid,0,VBP,VBN,PRP,you,1,2,1
paid,0,0,,pay,0,extra,0,VBN,JJ,VBP,have,0,1,1
extra,1,0,,extra,0,to,0,JJ,TO,VBN,paid,0,1,1
to,0,0,,to,0,have,0,TO,VB,JJ,extra,1,1,0
have,0,0,,have,0,the,0,VB,DT,TO,to,1,2,1
the,0,0,,the,0,on,0,DT,IN,VB,have,1,1,0
on,0,0,,on,0,site,0,IN,NN,DT,the,1,1,0
site,0,0,,site,0,repair,0,NN,NN,IN,on,0,1,1
repair,1,1,NN,repair,0,done,0,NN,VBN,NN,site,0,1,1
done,0,0,,do,0,,0,VBN,,NN,repair,0,1,1
Oh,0,0,,Oh,0,boy,1,UH,NN,,,0,1,0
boy,0,0,,boy,0,,0,NN,,UH,Oh,0,1,0
But,0,0,,But,0,while,1,CC,IN,,,0,1,0
while,0,1,IN,while,0,this,0,IN,DT,CC,But,1,1,1
this,0,1,DT,this,0,is,0,DT,VBZ,IN,while,1,1,1
is,0,0,,be,0,one,0,VBZ,CD,DT,this,1,1,0
one,1,1,CD,one,0,big,0,CD,JJ,VBZ,is,0,1,0
big,0,0,,big,0,advantage,0,JJ,NN,CD,one,0,1,0
advantage,0,1,NN,advantage,0,as,0,NN,IN,JJ,big,0,1,1
as,0,0,,a,0,you,0,IN,PRP,NN,advantage,1,1,0
you,0,1,PRP,you,0,may,0,PRP,MD,IN,as,1,1,0
may,0,0,,may,0,know,0,MD,VB,PRP,you,0,1,0
know,0,0,,know,0,from,0,VB,IN,MD,may,0,1,1
from,0,0,,from,0,the,0,IN,DT,VB,know,1,1,1
the,0,0,,the,0,company,0,DT,NN,IN,from,1,1,0
company,1,1,NN,company,0,s,0,NN,VBD,DT,the,0,1,1
s,0,0,,s,0,recent,0,VBD,JJ,NN,company,1,1,0
recent,0,0,,recent,0,commercials,0,JJ,NNS,VBD,s,0,1,1
commercials,0,1,NNS,commercials,0,there,0,NNS,EX,JJ,recent,0,1,1
there,0,1,EX,there,0,are,0,EX,VBP,NNS,commercials,1,1,1
are,0,0,,be,0,other,0,VBP,JJ,EX,there,1,1,0
other,0,0,,other,0,things,0,JJ,NNS,VBP,are,1,1,1
things,0,1,NNS,things,0,to,0,NNS,TO,JJ,other,0,1,1
to,0,0,,to,0,consider,0,TO,VB,NNS,things,1,1,0
consider,0,0,,consider,0,before,0,VB,IN,TO,to,0,1,1
before,0,0,,before,0,going,0,IN,VBG,VB,consider,1,1,1
going,0,0,,go,0,with,0,VBG,IN,IN,before,0,1,1
with,0,0,,with,0,Apple,0,IN,NNP,VBG,going,1,1,1
Apple,1,1,NNP,Apple,1,,1,NNP,,IN,with,0,1,1
I,0,1,PRP,I,0,love,1,PRP,VBP,,,0,1,0
love,0,0,,love,0,the,0,VBP,DT,PRP,I,0,1,1
the,0,0,,the,0,way,0,DT,NN,VBP,love,1,2,0
way,0,1,NN,way,0,the,0,NN,DT,DT,the,0,1,0
the,0,0,,the,0,entire,0,DT,JJ,NN,way,1,2,0
entire,0,0,,entire,0,suite,0,JJ,NN,DT,the,0,1,1
suite,1,1,NN,suite,0,of,0,NN,IN,JJ,entire,0,1,1
of,0,0,,of,0,software,0,IN,NN,NN,suite,1,1,0
software,1,1,NN,software,0,works,0,NN,VBZ,IN,of,0,1,1
works,1,0,,work,0,together,0,VBZ,RB,NN,software,0,1,1
together,0,0,,together,0,,0,RB,,VBZ,works,0,1,1
The,0,0,,The,0,speed,1,DT,NN,,,0,1,0
speed,1,1,NN,speed,0,is,0,NN,VBZ,DT,The,0,1,1
is,0,0,,be,0,incredible,0,VBZ,JJ,NN,speed,1,1,0
incredible,0,0,,incredible,0,and,0,JJ,CC,VBZ,is,0,1,1
and,0,0,,and,0,I,0,CC,PRP,JJ,incredible,1,1,0
I,0,1,PRP,I,0,am,1,PRP,VBP,CC,and,0,1,0
am,0,0,,be,0,more,0,VBP,JJR,PRP,I,1,1,0
more,0,1,JJR,more,0,than,0,JJR,IN,VBP,am,1,1,1
than,0,0,,than,0,satisfied,0,IN,JJ,JJR,more,1,1,1
satisfied,0,0,,satisfied,0,,0,JJ,,IN,than,0,1,1
on,0,0,,on,0,the,0,IN,DT,,,1,1,0
the,0,0,,the,0,bright,0,DT,JJ,IN,on,1,1,0
bright,0,0,,bright,0,side,0,JJ,NN,DT,the,0,1,1
side,0,1,NN,side,0,at,0,NN,IN,JJ,bright,0,1,1
at,0,0,,at,0,least,0,IN,JJS,NN,side,1,1,0
least,0,0,,least,0,I,0,JJS,PRP,IN,at,0,1,1
I,0,1,PRP,I,0,was,1,PRP,VBD,JJS,least,0,1,0
was,0,0,,be,0,not,0,VBD,RB,PRP,I,1,1,0
not,0,0,,not,0,without,0,RB,IN,VBD,was,1,1,0
without,0,0,,without,0,my,0,IN,PRP$,RB,not,0,1,1
my,0,0,,my,0,laptop,0,PRP$,NN,IN,without,1,1,0
laptop,0,1,NN,laptop,0,for,0,NN,IN,PRP$,my,0,1,1
for,0,0,,for,0,long,0,IN,RB,NN,laptop,1,1,0
long,0,0,,long,0,this,0,RB,DT,IN,for,0,1,1
this,0,1,DT,this,0,time,0,DT,NN,RB,long,1,1,1
time,1,1,NN,time,0,,0,NN,,DT,this,0,1,1
This,0,0,,This,0,laptop,1,DT,JJ,,,0,1,1
laptop,0,1,JJ,laptop,0,meets,0,JJ,NNS,DT,This,0,1,1
meets,0,0,,meet,0,every,0,NNS,DT,JJ,laptop,0,1,1
every,1,0,,every,0,expectation,0,DT,NN,NNS,meets,0,1,1
expectation,0,1,NN,expectation,0,and,0,NN,CC,DT,every,0,1,1
and,0,0,,and,0,Windows,0,CC,NNP,NN,expectation,1,1,0
Windows,1,1,NNP,Windows,0,7,1,NNP,CD,CC,and,0,1,1
7,1,0,,7,0,is,1,CD,VBZ,NNP,Windows,0,1,0
is,0,0,,be,0,great,0,VBZ,JJ,CD,7,1,1,0
great,0,0,,great,0,,0,JJ,,VBZ,is,0,1,1
that,0,0,,that,0,has,0,DT,VBZ,,,1,2,1
has,0,0,,have,0,that,0,VBZ,DT,DT,that,1,1,0
that,0,0,,that,0,is,0,DT,VBZ,VBZ,has,1,2,1
is,0,0,,be,0,how,0,VBZ,WRB,DT,that,1,1,0
how,0,0,,how,0,frustrating,0,WRB,JJ,VBZ,is,1,1,0
frustrating,0,0,,frustrate,0,it,0,JJ,PRP,WRB,how,0,1,1
it,0,1,PRP,it,0,was,0,PRP,VBD,JJ,frustrating,1,1,0
was,0,0,,be,0,,0,VBD,,PRP,it,1,1,0
I,0,1,PRP,I,0,can,1,PRP,MD,,,0,1,0
can,0,0,,can,0,barely,0,MD,RB,PRP,I,1,1,0
barely,0,0,,barely,0,use,0,RB,VB,MD,can,0,1,1
use,1,0,,use,0,any,0,VB,DT,RB,barely,0,1,0
any,0,0,,any,0,usb,0,DT,JJ,VB,use,1,1,0
usb,1,0,,usb,0,devices,0,JJ,NNS,DT,any,0,1,0
devices,1,1,NNS,devices,0,because,0,NNS,IN,JJ,usb,0,1,1
because,0,0,,because,0,they,0,IN,PRP,NNS,devices,1,1,1
they,0,1,PRP,they,0,will,0,PRP,MD,IN,because,1,1,1
will,0,0,,will,0,not,0,MD,RB,PRP,they,1,1,1
not,0,0,,not,0,stay,0,RB,VB,MD,will,1,1,0
stay,0,0,,stay,0,connected,0,VB,VBN,RB,not,0,1,1
connected,0,0,,connect,0,properly,0,VBN,RB,VB,stay,0,1,1
properly,0,0,,properly,0,,0,RB,,VBN,connected,0,1,1
The,0,0,,The,0,one,1,DT,CD,,,0,1,0
one,1,1,CD,one,0,down,0,CD,JJ,DT,The,0,1,0
down,0,0,,down,0,side,0,JJ,NN,CD,one,1,1,1
side,0,1,NN,side,0,to,0,NN,TO,JJ,down,0,1,1
to,0,0,,to,0,it,0,TO,PRP,NN,side,1,2,0
it,0,1,PRP,it,0,is,0,PRP,VBZ,TO,to,1,2,0
is,0,0,,be,0,that,0,VBZ,IN,PRP,it,1,1,0
that,0,0,,that,0,when,0,IN,WRB,VBZ,is,1,1,1
when,0,0,,when,0,I,0,WRB,PRP,IN,that,1,1,1
I,0,1,PRP,I,0,play,1,PRP,VBP,WRB,when,0,1,0
play,1,0,,play,0,a,0,VBP,DT,PRP,I,0,1,1
a,0,0,,a,0,certin,0,DT,JJ,VBP,play,1,1,0
certin,0,0,,certin,0,game,0,JJ,NN,DT,a,0,1,1
game,1,1,NN,game,0,on,0,NN,IN,JJ,certin,0,1,1
on,0,0,,on,0,here,0,IN,RB,NN,game,1,1,0
here,0,1,RB,here,0,it,0,RB,PRP,IN,on,1,1,1
it,0,1,PRP,it,0,tends,0,PRP,VBZ,RB,here,1,2,0
tends,0,0,,tend,0,to,0,VBZ,TO,PRP,it,0,1,1
to,0,0,,to,0,freeze,0,TO,VB,VBZ,tends,1,2,0
freeze,0,0,,freeze,0,up,0,VB,RP,TO,to,0,1,1
up,0,0,,up,0,sometimes,0,RP,RB,VB,freeze,1,1,0
sometimes,0,0,,sometimes,0,but,0,RB,CC,RP,up,0,1,1
but,0,0,,but,0,thats,0,CC,VBZ,RB,sometimes,1,1,0
thats,0,0,,thats,0,the,0,VBZ,DT,CC,but,0,1,1
the,0,0,,the,0,only,0,DT,RB,VBZ,thats,1,1,0
only,0,0,,only,0,bad,0,RB,JJ,DT,the,1,1,1
bad,0,0,,bad,0,thing,0,JJ,NN,RB,only,0,1,0
thing,0,1,NN,thing,0,about,0,NN,IN,JJ,bad,0,1,1
about,0,0,,about,0,this,0,IN,DT,NN,thing,1,1,1
this,0,1,DT,this,0,computer,0,DT,NN,IN,about,1,1,1
computer,1,1,NN,computer,0,,0,NN,,DT,this,0,1,1
No,0,0,,No,0,backlit,1,DT,JJ,,,0,1,0
backlit,1,0,,backlit,0,keyboard,0,JJ,NN,DT,No,0,1,1
keyboard,1,1,NN,keyboard,0,but,0,NN,CC,JJ,backlit,0,1,1
but,0,0,,but,0,not,0,CC,RB,NN,keyboard,1,1,0
not,0,0,,not,0,an,0,RB,DT,CC,but,1,1,0
an,0,0,,an,0,issue,0,DT,NN,RB,not,1,1,0
issue,0,1,NN,issue,0,for,0,NN,IN,DT,an,0,1,1
for,0,0,,for,0,me,0,IN,PRP,NN,issue,1,1,0
me,0,1,PRP,me,0,,0,PRP,,IN,for,1,1,0
When,0,0,,When,0,I,1,WRB,PRP,,,0,1,1
I,0,1,PRP,I,0,finally,1,PRP,RB,WRB,When,0,2,0
finally,0,0,,finally,0,had,0,RB,VBD,PRP,I,0,1,1
had,0,0,,have,0,everything,0,VBD,NN,RB,finally,1,1,0
everything,0,0,,everything,0,running,0,NN,VBG,VBD,had,0,1,1
running,1,0,,run,0,with,0,VBG,IN,NN,everything,0,1,1
with,0,0,,with,0,all,0,IN,DT,VBG,running,1,1,1
all,0,0,,all,0,my,0,DT,PRP$,IN,with,1,1,0
my,0,0,,my,0,software,0,PRP$,NN,DT,all,1,2,0
software,1,1,NN,software,0,installed,0,NN,VBN,PRP$,my,0,1,1
installed,1,0,,instal,0,I,0,VBN,PRP,NN,software,0,1,1
I,0,1,PRP,I,0,plugged,1,PRP,VBD,VBN,installed,0,2,0
plugged,0,0,,plug,0,in,0,VBD,IN,PRP,I,0,1,1
in,0,0,,in,0,my,0,IN,PRP$,VBD,plugged,1,1,0
my,0,0,,my,0,droid,0,PRP$,NN,IN,in,1,2,0
droid,0,0,,droid,0,to,0,NN,TO,PRP$,my,0,1,1
to,0,0,,to,0,recharge,0,TO,VB,NN,droid,1,1,0
recharge,0,0,,recharge,0,and,0,VB,CC,TO,to,0,1,1
and,0,0,,and,0,the,0,CC,DT,VB,recharge,1,1,0
the,0,0,,the,0,system,0,DT,NN,CC,and,1,1,0
system,1,0,,system,0,crashed,0,NN,VBD,DT,the,0,1,1
crashed,0,0,,crash,0,,0,VBD,,NN,system,0,1,1
I,0,1,PRP,I,0,can,1,PRP,MD,,,0,1,0
can,0,0,,can,0,not,0,MD,RB,PRP,I,1,1,0
not,0,0,,not,0,even,0,RB,RB,MD,can,1,1,0
even,0,0,,even,0,turn,0,RB,VB,RB,not,0,1,1
turn,0,0,,turn,0,it,0,VB,PRP,RB,even,0,1,1
it,0,1,PRP,it,0,off,0,PRP,RP,VB,turn,1,1,0
off,0,0,,off,0,,0,RP,,PRP,it,1,1,0
One,0,0,,One,0,suggestion,1,CD,NN,,,0,1,0
suggestion,0,0,,suggestion,0,I,0,NN,PRP,CD,One,0,1,1
I,0,1,PRP,I,0,do,1,PRP,VBP,NN,suggestion,0,1,0
do,0,0,,do,0,have,0,VBP,VB,PRP,I,1,1,0
have,0,0,,have,0,is,0,VB,VBZ,VBP,do,1,1,1
is,0,0,,be,0,to,0,VBZ,TO,VB,have,1,1,0
to,0,0,,to,0,not,0,TO,RB,VBZ,is,1,2,0
not,0,0,,not,0,bother,0,RB,VB,TO,to,1,1,0
bother,0,0,,bother,0,getting,0,VB,VBG,RB,not,0,1,1
getting,0,0,,get,0,Microsoft,0,VBG,NNP,VB,bother,0,1,1
Microsoft,1,0,,Microsoft,1,office,1,NNP,NN,VBG,getting,0,1,1
office,1,0,,office,0,for,0,NN,IN,NNP,Microsoft,0,1,1
for,0,0,,for,0,the,0,IN,DT,NN,office,1,1,0
the,0,0,,the,0,mac,0,DT,NN,IN,for,1,1,0
mac,1,0,,mac,0,expecting,0,NN,VBG,DT,the,0,1,0
expecting,0,0,,expect,0,it,0,VBG,PRP,NN,mac,0,1,1
it,0,1,PRP,it,0,will,0,PRP,MD,VBG,expecting,1,2,0
will,0,0,,will,0,work,0,MD,VB,PRP,it,1,1,1
work,1,1,VB,work,0,just,0,VB,RB,MD,will,0,1,1
just,0,0,,just,0,like,0,RB,IN,VB,work,1,1,1
like,0,0,,like,0,you,0,IN,PRP,RB,just,0,1,1
you,0,1,PRP,you,0,knew,0,PRP,VBD,IN,like,1,1,0
knew,0,0,,know,0,it,0,VBD,PRP,PRP,you,0,1,1
it,0,1,PRP,it,0,to,0,PRP,TO,VBD,knew,1,2,0
to,0,0,,to,0,on,0,TO,IN,PRP,it,1,2,0
on,0,0,,on,0,a,0,IN,DT,TO,to,1,1,0
a,0,0,,a,0,PC,0,DT,NN,IN,on,1,1,0
PC,0,1,NN,PC,0,,0,NN,,DT,a,0,1,0
Pairing,0,0,,Pairing,0,it,1,VBG,PRP,,,0,1,1
it,0,1,PRP,it,0,with,0,PRP,IN,VBG,Pairing,1,3,0
with,0,0,,with,0,an,0,IN,DT,PRP,it,1,1,1
an,0,0,,an,0,iPhone,0,DT,NN,IN,with,1,1,0
iPhone,0,0,,iPhone,1,is,0,NN,VBZ,DT,an,0,1,1
is,0,0,,be,0,a,0,VBZ,DT,NN,iPhone,1,2,0
a,0,0,,a,0,pure,0,DT,JJ,VBZ,is,1,2,0
pure,0,0,,pure,0,pleasure,0,JJ,NN,DT,a,0,1,1
pleasure,0,0,,pleasure,0,talk,0,NN,NN,JJ,pure,0,1,1
talk,0,0,,talk,0,about,0,NN,IN,NN,pleasure,0,1,1
about,0,0,,about,0,painless,0,IN,NN,NN,talk,1,1,1
painless,0,0,,painless,0,syncing,0,NN,VBG,IN,about,0,1,1
syncing,1,0,,sync,0,used,0,VBG,VBN,NN,painless,0,1,1
used,0,0,,use,0,to,0,VBN,TO,VBG,syncing,0,1,1
to,0,0,,to,0,take,0,TO,VB,VBN,used,1,1,0
take,0,0,,take,0,me,0,VB,PRP,TO,to,0,1,1
me,0,1,PRP,me,0,forever,0,PRP,RB,VB,take,1,1,0
forever,0,0,,forever,0,now,0,RB,RB,PRP,me,0,1,1
now,0,0,,now,0,it,0,RB,PRP,RB,forever,1,1,0
it,0,1,PRP,it,0,has,0,PRP,VBZ,RB,now,1,3,0
has,0,0,,have,0,it,0,VBZ,PRP,PRP,it,1,1,0
it,0,1,PRP,it,0,is,0,PRP,VBZ,VBZ,has,1,3,0
is,0,0,,be,0,a,0,VBZ,DT,PRP,it,1,2,0
a,0,0,,a,0,snap,0,DT,NN,VBZ,is,1,2,0
snap,0,0,,snap,0,,0,NN,,DT,a,0,1,1
I,0,1,PRP,I,0,shopped,1,PRP,VBD,,,0,1,0
shopped,0,0,,shop,0,around,0,VBD,IN,PRP,I,0,1,1
around,0,0,,around,0,before,0,IN,IN,VBD,shopped,0,1,1
before,0,0,,before,0,buying,0,IN,NN,IN,around,1,1,1
buying,0,0,,buying,0,,0,NN,,IN,before,0,1,1
I,0,1,PRP,I,0,also,1,PRP,RB,,,0,1,0
also,0,0,,also,0,got,0,RB,VBD,PRP,I,0,1,1
got,0,0,,get,0,the,0,VBD,DT,RB,also,0,1,0
the,0,0,,the,0,added,0,DT,JJ,VBD,got,1,1,0
added,0,0,,add,0,bonus,0,JJ,NN,DT,the,0,1,1
bonus,0,0,,bonus,0,of,0,NN,IN,JJ,added,0,1,1
of,0,0,,of,0,a,0,IN,DT,NN,bonus,1,1,0
a,0,0,,a,0,30,0,DT,CD,IN,of,1,1,0
30,0,0,,30,0,HD,1,CD,NNP,DT,a,0,1,0
HD,1,0,,HD,0,Monitor,0,NNP,NNP,CD,30,0,1,0
Monitor,1,0,,Monitor,0,which,1,NNP,WDT,NNP,HD,0,1,1
which,0,0,,which,0,really,0,WDT,RB,NNP,Monitor,1,1,1
really,0,0,,really,0,helps,0,RB,VBZ,WDT,which,0,1,1
helps,0,0,,help,0,to,0,VBZ,TO,RB,really,0,1,1
to,0,0,,to,0,extend,0,TO,VB,VBZ,helps,1,1,0
extend,0,0,,extend,0,my,0,VB,PRP$,TO,to,0,1,1
my,0,0,,my,0,screen,0,PRP$,NN,VB,extend,1,2,0
screen,1,1,NN,screen,0,and,0,NN,CC,PRP$,my,0,1,1
and,0,0,,and,0,keep,0,CC,VB,NN,screen,1,1,0
keep,0,0,,keep,0,my,0,VB,PRP$,CC,and,0,1,1
my,0,0,,my,0,eyes,0,PRP$,NNS,VB,keep,1,2,0
eyes,0,0,,eye,0,fresh,0,NNS,JJ,PRP$,my,0,1,1
fresh,0,0,,fresh,0,,0,JJ,,NNS,eyes,0,1,1
Would,0,0,,Would,0,do,1,MD,VB,,,0,1,1
do,0,0,,do,0,business,0,VB,NN,MD,Would,1,1,0
business,1,0,,business,0,again,0,NN,RB,VB,do,0,1,1
again,0,0,,again,0,,0,RB,,NN,business,1,1,1
The,0,0,,The,0,machine,1,DT,NN,,,0,1,0
machine,0,0,,machine,0,is,0,NN,VBZ,DT,The,0,1,1
is,0,0,,be,0,slow,0,VBZ,JJ,NN,machine,1,1,0
slow,0,0,,slow,0,to,0,JJ,TO,VBZ,is,0,1,1
to,0,0,,to,0,boot,0,TO,VB,JJ,slow,1,1,0
boot,1,0,,boot,0,up,0,VB,RP,TO,to,0,1,1
up,0,0,,up,0,and,0,RP,CC,VB,boot,1,1,0
and,0,0,,and,0,occasionally,0,CC,RB,RP,up,1,1,0
occasionally,0,0,,occasionally,0,crashes,0,RB,NNS,CC,and,0,1,1
crashes,0,0,,crashes,0,completely,0,NNS,RB,RB,occasionally,0,1,1
completely,0,0,,completely,0,,0,RB,,NNS,crashes,0,1,1
After,0,0,,After,0,paying,1,IN,VBG,,,0,1,1
paying,0,0,,pay,0,several,0,VBG,JJ,IN,After,0,1,1
several,0,0,,several,0,hundred,0,JJ,CD,VBG,paying,0,1,1
hundred,0,0,,hundred,0,dollars,0,CD,NNS,JJ,several,0,1,1
dollars,0,0,,dollars,0,for,0,NNS,IN,CD,hundred,0,1,1
for,0,0,,for,0,this,0,IN,DT,NNS,dollars,1,1,0
this,0,1,DT,this,0,service,0,DT,NN,IN,for,1,1,1
service,1,0,,service,0,it,0,NN,PRP,DT,this,0,1,1
it,0,1,PRP,it,0,is,0,PRP,VBZ,NN,service,1,1,0
is,0,0,,be,0,frustrating,0,VBZ,VBG,PRP,it,1,1,0
frustrating,0,0,,frustrate,0,that,0,VBG,IN,VBZ,is,0,1,1
that,0,0,,that,0,you,0,IN,PRP,VBG,frustrating,1,1,1
you,0,1,PRP,you,0,can,0,PRP,MD,IN,that,1,1,0
can,0,0,,can,0,not,0,MD,RB,PRP,you,1,1,0
not,0,0,,not,0,get,0,RB,VB,MD,can,1,1,0
get,0,0,,get,0,help,0,VB,NN,RB,not,0,1,0
help,1,0,,help,0,after,0,NN,IN,VB,get,0,1,1
after,0,0,,after,0,hours,0,IN,NNS,NN,help,1,1,1
hours,0,1,NNS,hour,0,,0,NNS,,IN,after,0,1,1
I,0,1,PRP,I,0,have,1,PRP,VBP,,,0,1,0
have,0,0,,have,0,had,0,VBP,VBD,PRP,I,1,1,1
had,0,0,,have,0,the,0,VBD,DT,VBP,have,1,1,0
the,0,0,,the,0,luxury,0,DT,NN,VBD,had,1,1,0
luxury,0,0,,luxury,0,sarcasm,0,NN,NN,DT,the,0,1,1
sarcasm,0,0,,sarcasm,0,of,0,NN,IN,NN,luxury,0,1,1
of,0,0,,of,0,owning,0,IN,VBG,NN,sarcasm,1,2,0
owning,0,0,,own,0,2,0,VBG,CD,IN,of,0,1,1
2,1,0,,2,0,of,1,CD,IN,VBG,owning,0,1,0
of,0,0,,of,0,these,0,IN,DT,CD,2,1,2,0
these,0,0,,these,0,laptops,0,DT,NNS,IN,of,1,1,1
laptops,0,1,NNS,laptops,0,,0,NNS,,DT,these,0,1,1
What,0,0,,What,0,a,1,WP,DT,,,0,1,1
a,0,0,,a,0,waste,0,DT,NN,WP,What,1,1,0
waste,0,0,,waste,0,,0,NN,,DT,a,0,1,1
It,0,0,,It,0,was,1,PRP,VBD,,,0,1,0
was,0,0,,be,0,a,0,VBD,DT,PRP,It,1,1,0
a,0,0,,a,0,total,0,DT,JJ,VBD,was,1,1,0
total,0,0,,total,0,Dhell,0,JJ,NNP,DT,a,0,1,1
Dhell,0,0,,Dhell,1,experience,1,NNP,NN,JJ,total,0,1,1
experience,0,0,,experience,0,that,0,NN,IN,NNP,Dhell,0,1,1
that,0,0,,that,0,I,0,IN,PRP,NN,experience,1,1,1
I,0,1,PRP,I,0,will,1,PRP,MD,IN,that,0,1,0
will,0,0,,will,0,never,0,MD,RB,PRP,I,1,1,1
never,0,0,,never,0,repeat,0,RB,VB,MD,will,0,1,1
repeat,0,0,,repeat,0,,0,VB,,RB,never,0,1,1
There,0,0,,There,0,are,1,EX,VBP,,,0,1,1
are,0,0,,be,0,a,0,VBP,DT,EX,There,1,1,0
a,0,0,,a,0,few,0,DT,JJ,VBP,are,1,1,0
few,0,0,,few,0,flaws,0,JJ,NNS,DT,a,1,1,0
flaws,0,0,,flaw,0,as,0,NNS,RB,JJ,few,0,1,1
as,0,0,,as,0,well,0,RB,RB,NNS,flaws,1,1,0
well,0,0,,well,0,that,0,RB,IN,RB,as,0,1,1
that,0,0,,that,0,I,0,IN,PRP,RB,well,1,1,1
I,0,1,PRP,I,0,noticed,1,PRP,VBD,IN,that,0,1,0
noticed,0,0,,notice,0,,0,VBD,,PRP,I,0,1,1
Completely,0,0,,Completely,0,worth,1,RB,JJ,,,0,1,1
worth,0,0,,worth,0,every,0,JJ,DT,RB,Completely,0,1,1
every,1,0,,every,0,single,0,DT,JJ,JJ,worth,0,1,1
single,0,0,,single,0,penny,0,JJ,NN,DT,every,0,1,1
penny,0,0,,penny,0,dime,0,NN,NN,JJ,single,0,1,1
dime,0,0,,dime,0,and,0,NN,CC,NN,penny,0,1,1
and,0,0,,and,0,nickel,0,CC,NN,NN,dime,1,1,0
nickel,0,0,,nickel,0,,0,NN,,CC,and,0,1,1
I,0,1,PRP,I,0,tried,1,PRP,VBD,,,0,2,0
tried,0,0,,try,0,to,0,VBD,TO,PRP,I,0,1,1
to,0,0,,to,0,upgrade,0,TO,VB,VBD,tried,1,2,0
upgrade,0,0,,upgrade,0,it,0,VB,PRP,TO,to,0,1,1
it,0,1,PRP,it,0,to,0,PRP,TO,VB,upgrade,1,1,0
to,0,0,,to,0,a,0,TO,DT,PRP,it,1,2,0
a,0,0,,a,0,newer,0,DT,JJR,TO,to,1,2,0
newer,0,0,,new,0,version,0,JJR,NN,DT,a,0,1,1
version,1,0,,version,0,a,0,NN,DT,JJR,newer,0,1,1
a,0,0,,a,0,couple,0,DT,NN,NN,version,1,2,0
couple,0,0,,couple,0,of,0,NN,IN,DT,a,0,1,1
of,0,0,,of,0,months,0,IN,NNS,NN,couple,1,1,0
months,0,0,,month,0,ago,0,NNS,IN,IN,of,0,1,1
ago,0,0,,ago,0,and,0,IN,CC,NNS,months,0,1,0
and,0,0,,and,0,I,0,CC,PRP,IN,ago,1,1,0
I,0,1,PRP,I,0,still,1,PRP,RB,CC,and,0,2,0
still,0,0,,still,0,have,0,RB,VBP,PRP,I,0,1,1
have,0,0,,have,0,the,0,VBP,DT,RB,still,1,1,1
the,0,0,,the,0,same,0,DT,JJ,VBP,have,1,1,0
same,0,0,,same,0,problem,0,JJ,NN,DT,the,1,1,1
problem,0,1,NN,problem,0,,0,NN,,JJ,same,0,1,1
I,0,1,PRP,I,0,did,1,PRP,VBD,,,0,1,0
did,0,0,,do,0,have,0,VBD,VB,PRP,I,1,1,0
have,0,0,,have,0,to,0,VB,TO,VBD,did,1,1,1
to,0,0,,to,0,replace,0,TO,VB,VB,have,1,1,0
replace,0,0,,replace,0,the,0,VB,DT,TO,to,0,1,1
the,0,0,,the,0,battery,0,DT,NN,VB,replace,1,1,0
battery,1,1,NN,battery,0,once,0,NN,RB,DT,the,0,1,1
once,0,0,,once,0,but,0,RB,CC,NN,battery,1,1,1
but,0,0,,but,0,that,0,CC,DT,RB,once,1,1,0
that,0,0,,that,0,was,0,DT,VBD,CC,but,1,1,1
was,0,0,,be,0,only,0,VBD,RB,DT,that,1,1,0
only,0,0,,only,0,a,0,RB,DT,VBD,was,1,1,1
a,0,0,,a,0,couple,0,DT,JJ,RB,only,1,1,0
couple,0,0,,couple,0,months,0,JJ,NNS,DT,a,0,1,1
months,0,0,,months,0,ago,0,NNS,RB,JJ,couple,0,1,1
ago,0,0,,ago,0,and,0,RB,CC,NNS,months,0,1,0
and,0,0,,and,0,it,0,CC,PRP,RB,ago,1,1,0
it,0,1,PRP,it,0,has,0,PRP,VBZ,CC,and,1,2,0
has,0,0,,have,0,it,0,VBZ,PRP,PRP,it,1,1,0
it,0,1,PRP,it,0,is,0,PRP,VBZ,VBZ,has,1,2,0
is,0,0,,be,0,been,0,VBZ,VBN,PRP,it,1,1,0
been,0,0,,be,0,working,0,VBN,VBG,VBZ,is,1,1,1
working,1,0,,work,0,perfect,0,VBG,JJ,VBN,been,0,1,1
perfect,0,0,,perfect,0,ever,0,JJ,RB,VBG,working,0,1,1
ever,0,0,,ever,0,since,0,RB,IN,JJ,perfect,0,1,1
since,0,0,,since,0,,0,IN,,RB,ever,0,1,1
In,0,0,,In,0,the,1,IN,DT,,,0,1,0
the,0,0,,the,0,past,0,DT,JJ,IN,In,1,1,0
past,0,0,,past,0,four,0,JJ,CD,DT,the,0,1,1
four,0,0,,four,0,years,0,CD,NNS,JJ,past,0,1,1
years,0,0,,years,0,I,0,NNS,PRP,CD,four,0,1,1
I,0,1,PRP,I,0,have,1,PRP,VBP,NNS,years,0,2,0
have,0,0,,have,0,had,0,VBP,VBD,PRP,I,1,2,1
had,0,0,,have,0,it,0,VBD,PRP,VBP,have,1,1,0
it,0,1,PRP,it,0,I,0,PRP,PRP,VBD,had,1,1,0
I,0,1,PRP,I,0,have,1,PRP,VBP,PRP,it,0,2,0
have,0,0,,have,0,never,0,VBP,RB,PRP,I,1,2,1
never,0,0,,never,0,once,0,RB,RB,VBP,have,0,1,1
once,0,0,,once,0,gotten,0,RB,VB,RB,never,1,1,1
gotten,0,0,,gotten,0,a,0,VB,DT,RB,once,0,1,1
a,0,0,,a,0,virus,0,DT,NN,VB,gotten,1,1,0
virus,1,0,,virus,0,,0,NN,,DT,a,0,1,1
I,0,1,PRP,I,0,love,1,PRP,VBP,,,0,1,0
love,0,0,,love,0,the,0,VBP,DT,PRP,I,0,1,1
the,0,0,,the,0,operating,0,DT,NN,VBP,love,1,2,0
operating,1,0,,operating,0,system,0,NN,NN,DT,the,0,1,1
system,1,0,,system,0,and,0,NN,CC,NN,operating,0,1,1
and,0,0,,and,0,the,0,CC,DT,NN,system,1,1,0
the,0,0,,the,0,preloaded,0,DT,JJ,CC,and,1,2,0
preloaded,1,0,,preloaded,0,software,0,JJ,NN,DT,the,0,1,1
software,1,1,NN,software,0,,0,NN,,JJ,preloaded,0,1,1
They,0,1,PRP,They,0,were,1,PRP,VBD,,,0,1,1
were,0,0,,be,0,great,0,VBD,JJ,PRP,They,1,1,1
great,0,0,,great,0,in,0,JJ,IN,VBD,were,0,1,1
in,0,0,,in,0,handling,0,IN,VBG,JJ,great,1,3,0
handling,0,0,,handle,0,this,0,VBG,DT,IN,in,0,1,1
this,0,1,DT,this,0,problem,0,DT,NN,VBG,handling,1,1,1
problem,0,1,NN,problem,0,and,0,NN,CC,DT,this,0,1,1
and,0,0,,and,0,I,0,CC,PRP,NN,problem,1,1,0
I,0,1,PRP,I,0,am,1,PRP,VBP,CC,and,0,1,0
am,0,0,,be,0,looking,0,VBP,VBG,PRP,I,1,1,0
looking,1,0,,look,0,forward,0,VBG,NN,VBP,am,0,1,1
forward,0,0,,forward,0,in,0,NN,IN,VBG,looking,0,1,1
in,0,0,,in,0,purchasing,0,IN,VBG,NN,forward,1,3,0
purchasing,0,0,,purchase,0,additonal,0,VBG,JJ,IN,in,0,1,1
additonal,0,0,,additonal,0,products,0,JJ,NNS,VBG,purchasing,0,1,1
products,0,0,,products,0,from,0,NNS,IN,JJ,additonal,0,1,1
from,0,0,,from,0,them,0,IN,PRP,NNS,products,1,1,1
them,0,0,,them,0,in,0,PRP,IN,IN,from,1,1,1
in,0,0,,in,0,the,0,IN,DT,PRP,them,1,3,0
the,0,0,,the,0,future,0,DT,NN,IN,in,1,1,0
future,0,0,,future,0,,0,NN,,DT,the,0,1,1
I,0,1,PRP,I,0,have,1,PRP,VBP,,,0,1,0
have,0,0,,have,0,tried,0,VBP,VBN,PRP,I,1,1,1
tried,0,0,,try,0,going,0,VBN,VBG,VBP,have,0,1,1
going,0,0,,go,0,back,0,VBG,RB,VBN,tried,0,1,1
back,0,0,,back,0,to,0,RB,TO,VBG,going,0,1,1
to,0,0,,to,0,XL,0,TO,VB,RB,back,1,1,0
XL,0,0,,XL,0,but,0,VB,CC,TO,to,0,1,0
but,0,0,,but,0,there,0,CC,EX,VB,XL,1,1,0
there,0,1,EX,there,0,still,0,EX,RB,CC,but,1,1,1
still,0,0,,still,0,problems,0,RB,NNS,EX,there,0,1,1
problems,0,1,NNS,problems,0,,0,NNS,,RB,still,0,1,1
The,0,0,,The,0,best,1,DT,JJS,,,0,1,0
best,0,0,,best,0,thing,0,JJS,NN,DT,The,0,1,1
thing,0,1,NN,thing,0,about,0,NN,IN,JJS,best,0,1,1
about,0,0,,about,0,this,0,IN,DT,NN,thing,1,1,1
this,0,1,DT,this,0,laptop,0,DT,NN,IN,about,1,1,1
laptop,0,1,NN,laptop,0,is,0,NN,VBZ,DT,this,0,1,1
is,0,0,,be,0,the,0,VBZ,DT,NN,laptop,1,1,0
the,0,0,,the,0,price,0,DT,NN,VBZ,is,1,2,0
price,1,0,,price,0,along,0,NN,IN,DT,the,0,1,1
along,0,0,,along,0,with,0,IN,IN,NN,price,0,1,1
with,0,0,,with,0,some,0,IN,DT,IN,along,1,1,1
some,0,0,,some,0,of,0,DT,IN,IN,with,1,1,1
of,0,0,,of,0,the,0,IN,DT,DT,some,1,1,0
the,0,0,,the,0,newer,0,DT,NN,IN,of,1,2,0
newer,0,0,,newer,0,features,0,NN,NNS,DT,the,0,1,1
features,1,1,NNS,feature,0,,0,NNS,,NN,newer,0,1,1
After,0,0,,After,0,numerous,1,IN,JJ,,,0,1,1
numerous,0,0,,numerous,0,attempts,0,JJ,NNS,IN,After,0,1,1
attempts,0,0,,attempt,0,of,0,NNS,IN,JJ,numerous,0,1,1
of,0,0,,of,0,trying,0,IN,VBG,NNS,attempts,1,1,0
trying,0,0,,try,0,including,0,VBG,VBG,IN,of,0,1,1
including,0,0,,include,0,setting,0,VBG,VBG,VBG,trying,0,1,1
setting,0,0,,set,0,the,0,VBG,DT,VBG,including,0,1,1
the,0,0,,the,0,clock,0,DT,NN,VBG,setting,1,1,0
clock,1,0,,clock,0,in,0,NN,IN,DT,the,0,1,1
in,0,0,,in,0,BIOS,0,IN,NNP,NN,clock,1,1,0
BIOS,1,0,,BIOS,1,setup,0,NNP,VBP,IN,in,0,1,1
setup,1,0,,setup,0,directly,0,VBP,RB,NNP,BIOS,0,1,1
directly,0,0,,directly,0,I,0,RB,PRP,VBP,setup,0,1,1
I,0,1,PRP,I,0,gave,1,PRP,VBD,RB,directly,0,2,0
gave,0,0,,give,0,up,0,VBD,RP,PRP,I,0,1,1
up,0,0,,up,0,I,0,RP,PRP,VBD,gave,1,1,0
I,0,1,PRP,I,0,am,1,PRP,VBP,RP,up,0,2,0
am,0,0,,be,0,a,0,VBP,DT,PRP,I,1,1,0
a,0,0,,a,0,techie,0,DT,NN,VBP,am,1,1,0
techie,1,0,,techie,0,,0,NN,,DT,a,0,1,1
YOU,0,0,,YOU,0,WILL,0,NN,MD,,,0,1,0
WILL,0,0,,WILL,0,NOT,0,MD,VB,NN,YOU,0,1,1
NOT,0,0,,NOT,0,BE,0,VB,NNP,MD,WILL,0,1,0
BE,0,0,,BE,1,ABLE,0,NNP,NNP,VB,NOT,0,1,0
ABLE,0,0,,ABLE,0,TO,0,NNP,NNP,NNP,BE,0,1,1
TO,0,0,,TO,0,TALK,0,NNP,NNP,NNP,ABLE,0,2,0
TALK,0,0,,TALK,0,TO,0,NNP,NNP,NNP,TO,0,1,1
TO,0,0,,TO,0,AN,0,NNP,NNP,NNP,TALK,0,2,0
AN,0,0,,AN,0,AMERICAN,0,NNP,NNP,NNP,TO,0,1,0
AMERICAN,0,0,,AMERICAN,1,WARRANTY,0,NNP,NNP,NNP,AN,0,1,1
WARRANTY,1,0,,WARRANTY,0,SERVICE,0,NNP,NNP,NNP,AMERICAN,0,1,1
SERVICE,1,0,,SERVICE,0,IS,0,NNP,VBZ,NNP,WARRANTY,0,1,1
IS,0,0,,IS,0,OUT,0,VBZ,NNP,NNP,SERVICE,0,1,0
OUT,0,0,,OUT,0,OF,0,NNP,NNP,VBZ,IS,0,1,0
OF,0,0,,OF,0,COUNTRY,0,NNP,NNP,NNP,OUT,0,1,0
COUNTRY,0,0,,COUNTRY,0,,0,NNP,,NNP,OF,0,1,1
But,0,0,,But,0,it,1,CC,PRP,,,0,1,0
it,0,1,PRP,it,0,may,0,PRP,MD,CC,But,1,1,0
may,0,0,,may,0,be,0,MD,VB,PRP,it,0,1,0
be,0,0,,be,0,potentially,0,VB,RB,MD,may,1,1,0
potentially,0,0,,potentially,0,hundreds,0,RB,NNS,VB,be,0,1,1
hundreds,0,0,,hundreds,0,or,0,NNS,CC,RB,potentially,0,1,1
or,0,0,,or,0,thousands,0,CC,NNS,NNS,hundreds,1,1,0
thousands,0,0,,thousands,0,in,0,NNS,IN,CC,or,0,1,1
in,0,0,,in,0,the,0,IN,DT,NNS,thousands,1,1,0
the,0,0,,the,0,near,0,DT,JJ,IN,in,1,1,0
near,0,0,,near,0,future,0,JJ,NN,DT,the,0,1,1
future,0,0,,future,0,,0,NN,,JJ,near,0,1,1
Has,0,0,,Has,0,met,1,NNP,VBN,,,0,1,0
met,0,0,,meet,0,or,0,VBN,CC,NNP,Has,0,1,0
or,0,0,,or,0,exceeded,0,CC,VBN,VBN,met,1,1,0
exceeded,0,0,,exceed,0,my,0,VBN,PRP$,CC,or,0,1,1
my,0,0,,my,0,needs,0,PRP$,NNS,VBN,exceeded,1,1,0
needs,0,0,,need,0,for,0,NNS,IN,PRP$,my,0,1,1
for,0,0,,for,0,a,0,IN,DT,NNS,needs,1,1,0
a,0,0,,a,0,compact,0,DT,JJ,IN,for,1,1,0
compact,0,0,,compact,0,travel,0,JJ,NN,DT,a,0,1,1
travel,0,0,,travel,0,device,0,NN,NN,JJ,compact,0,1,1
device,1,0,,device,0,,0,NN,,NN,travel,0,1,1
but,0,0,,but,0,now,0,CC,RB,,,1,1,0
now,0,0,,now,0,i,0,RB,VBP,CC,but,1,1,0
i,0,0,,i,0,have,0,VBP,VBP,RB,now,1,1,0
have,0,0,,have,0,realized,0,VBP,VBN,VBP,i,1,1,1
realized,0,0,,realize,0,its,0,VBN,PRP$,VBP,have,0,1,1
its,0,0,,its,0,a,0,PRP$,DT,VBN,realized,1,1,0
a,0,0,,a,0,problem,0,DT,NN,PRP$,its,1,1,0
problem,0,1,NN,problem,0,with,0,NN,IN,DT,a,0,1,1
with,0,0,,with,0,this,0,IN,DT,NN,problem,1,1,1
this,0,1,DT,this,0,brand,0,DT,NN,IN,with,1,1,1
brand,1,0,,brand,0,,0,NN,,DT,this,0,1,1
It,0,0,,It,0,can,1,PRP,MD,,,0,1,0
can,0,0,,can,0,not,0,MD,RB,PRP,It,1,1,0
not,0,0,,not,0,save,0,RB,VB,MD,can,1,1,0
save,0,0,,save,0,the,0,VB,DT,RB,not,0,1,1
the,0,0,,the,0,correct,0,DT,NN,VB,save,1,1,0
correct,0,0,,correct,0,date,0,NN,NN,DT,the,0,1,1
date,0,0,,date,0,and,0,NN,CC,NN,correct,0,1,1
and,0,0,,and,0,time,0,CC,NN,NN,date,1,1,0
time,1,1,NN,time,0,I,0,NN,PRP,CC,and,0,1,1
I,0,1,PRP,I,0,set,1,PRP,VBP,NN,time,0,1,0
set,1,0,,set,0,,0,VBP,,PRP,I,0,1,0
I,0,1,PRP,I,0,sent,1,PRP,VBD,,,0,1,0
sent,0,0,,send,0,it,0,VBD,PRP,PRP,I,0,1,1
it,0,1,PRP,it,0,back,0,PRP,RB,VBD,sent,1,2,0
back,0,0,,back,0,to,0,RB,TO,PRP,it,0,1,1
to,0,0,,to,0,Toshiba,0,TO,NNP,RB,back,1,1,0
Toshiba,1,1,NNP,Toshiba,1,twice,1,NNP,RB,TO,to,0,1,1
twice,0,0,,twice,0,they,0,RB,PRP,NNP,Toshiba,0,1,1
they,0,1,PRP,they,0,covered,0,PRP,VBD,RB,twice,1,1,1
covered,0,0,,cover,0,it,0,VBD,PRP,PRP,they,0,1,1
it,0,1,PRP,it,0,under,0,PRP,IN,VBD,covered,1,2,0
under,0,0,,under,0,the,0,IN,DT,PRP,it,1,1,1
the,0,0,,the,0,warranty,0,DT,NN,IN,under,1,1,0
warranty,1,0,,warranty,0,,0,NN,,DT,the,0,1,1
And,0,0,,And,0,this,1,CC,DT,,,0,1,0
this,0,1,DT,this,0,is,0,DT,VBZ,CC,And,1,1,1
is,0,0,,be,0,not,0,VBZ,RB,DT,this,1,1,0
not,0,0,,not,0,just,0,RB,RB,VBZ,is,1,1,0
just,0,0,,just,0,my,0,RB,PRP$,RB,not,1,1,1
my,0,0,,my,0,one,0,PRP$,CD,RB,just,1,1,0
one,1,1,CD,one,0,experine,0,CD,NN,PRP$,my,0,1,0
experine,0,0,,experine,0,,0,NN,,CD,one,0,1,1
They,0,1,PRP,They,0,sent,1,PRP,VBD,,,0,1,1
sent,0,0,,send,0,me,0,VBD,PRP,PRP,They,0,1,1
me,0,1,PRP,me,0,a,0,PRP,DT,VBD,sent,1,2,0
a,0,0,,a,0,replacement,0,DT,NN,PRP,me,1,1,0
replacement,1,0,,replacement,0,part,0,NN,NN,DT,a,0,1,1
part,0,0,,part,0,and,0,NN,CC,NN,replacement,0,2,1
and,0,0,,and,0,without,0,CC,IN,NN,part,1,2,0
without,0,0,,without,0,informing,0,IN,VBG,CC,and,0,1,1
informing,0,0,,inform,0,me,0,VBG,PRP,IN,without,0,1,1
me,0,1,PRP,me,0,are,0,PRP,VBP,VBG,informing,1,2,0
are,0,0,,be,0,requiring,0,VBP,VBG,PRP,me,1,1,0
requiring,0,0,,require,0,that,0,VBG,IN,VBP,are,0,1,1
that,0,0,,that,0,I,0,IN,PRP,VBG,requiring,1,1,1
I,0,1,PRP,I,0,return,1,PRP,VBP,IN,that,0,1,0
return,1,0,,return,0,it,0,VBP,PRP,PRP,I,0,1,1
it,0,1,PRP,it,0,within,0,PRP,IN,VBP,return,1,1,0
within,0,0,,within,0,15,0,IN,CD,PRP,it,0,1,1
15,1,0,,15,0,days,1,CD,NNS,IN,within,0,1,0
days,0,0,,days,0,or,0,NNS,CC,CD,15,0,1,1
or,0,0,,or,0,contact,0,CC,VB,NNS,days,1,1,0
contact,0,0,,contact,0,them,0,VB,PRP,CC,or,0,1,1
them,0,0,,them,0,and,0,PRP,CC,VB,contact,1,2,1
and,0,0,,and,0,let,0,CC,VB,PRP,them,1,2,0
let,0,0,,let,0,them,0,VB,PRP,CC,and,0,1,0
them,0,0,,them,0,know,0,PRP,VB,VB,let,1,2,1
know,0,0,,know,0,the,0,VB,DT,PRP,them,0,1,1
the,0,0,,the,0,broken,0,DT,JJ,VB,know,1,1,0
broken,0,0,,break,0,part,0,JJ,NN,DT,the,0,1,1
part,0,0,,part,0,will,0,NN,MD,JJ,broken,0,2,1
will,0,0,,will,0,be,0,MD,VB,NN,part,1,1,1
be,0,0,,be,0,returned,0,VB,VBN,MD,will,1,1,0
returned,0,0,,return,0,later,0,VBN,RB,VB,be,0,1,1
later,0,0,,later,0,,0,RB,,VBN,returned,0,1,1
I,0,1,PRP,I,0,was,1,PRP,VBD,,,0,2,0
was,0,0,,be,0,looking,0,VBD,VBG,PRP,I,1,2,0
looking,1,0,,look,0,for,0,VBG,IN,VBD,was,0,2,1
for,0,0,,for,0,a,0,IN,DT,VBG,looking,1,2,0
a,0,0,,a,0,mac,0,DT,NN,IN,for,1,1,0
mac,1,0,,mac,0,which,0,NN,WDT,DT,a,0,1,0
which,0,0,,which,0,is,0,WDT,VBZ,NN,mac,1,1,1
is,0,0,,be,0,portable,0,VBZ,JJ,WDT,which,1,1,0
portable,0,0,,portable,0,and,0,JJ,CC,VBZ,is,0,1,1
and,0,0,,and,0,has,0,CC,VBZ,JJ,portable,1,1,0
has,0,0,,have,0,all,0,VBZ,PDT,CC,and,1,1,0
all,0,0,,all,0,the,0,PDT,DT,VBZ,has,1,1,0
the,0,0,,the,0,features,0,DT,NNS,PDT,all,1,1,0
features,1,1,NNS,feature,0,that,0,NNS,IN,DT,the,0,1,1
that,0,0,,that,0,I,0,IN,PRP,NNS,features,1,1,1
I,0,1,PRP,I,0,was,1,PRP,VBD,IN,that,0,2,0
was,0,0,,be,0,looking,0,VBD,VBG,PRP,I,1,2,0
looking,1,0,,look,0,for,0,VBG,IN,VBD,was,0,2,1
for,0,0,,for,0,,0,IN,,VBG,looking,1,2,0
I,0,1,PRP,I,0,would,1,PRP,MD,,,0,1,0
would,0,0,,would,0,highly,0,MD,RB,PRP,I,0,1,1
highly,0,0,,highly,0,recommend,0,RB,VB,MD,would,0,1,1
recommend,0,0,,recommend,0,this,0,VB,DT,RB,highly,0,1,1
this,0,1,DT,this,0,one,0,DT,CD,VB,recommend,1,1,1
one,1,1,CD,one,0,to,0,CD,TO,DT,this,0,1,0
to,0,0,,to,0,my,0,TO,PRP$,CD,one,1,1,0
my,0,0,,my,0,friends,0,PRP$,NNS,TO,to,1,1,0
friends,0,0,,friends,0,,0,NNS,,PRP$,my,0,1,1
I,0,1,PRP,I,0,honestly,1,PRP,RB,,,0,2,0
honestly,0,0,,honestly,0,love,0,RB,VBP,PRP,I,0,1,1
love,0,0,,love,0,my,0,VBP,PRP$,RB,honestly,0,1,1
my,0,0,,my,0,mac,0,PRP$,NN,VBP,love,1,1,0
mac,1,0,,mac,0,thats,0,NN,NNS,PRP$,my,0,2,0
thats,0,0,,thats,0,why,0,NNS,WRB,NN,mac,0,1,1
why,0,0,,why,0,I,0,WRB,PRP,NNS,thats,1,1,0
I,0,1,PRP,I,0,am,1,PRP,VBP,WRB,why,0,2,0
am,0,0,,be,0,a,0,VBP,DT,PRP,I,1,1,0
a,0,0,,a,0,self,0,DT,NN,VBP,am,1,1,0
self,0,0,,self,0,proclaimed,0,NN,VBN,DT,a,0,1,1
proclaimed,0,0,,proclaim,0,mac,0,VBN,CD,NN,self,0,1,1
mac,1,0,,mac,0,addict,0,CD,NN,VBN,proclaimed,0,2,0
addict,0,0,,addict,0,,0,NN,,CD,mac,0,1,1
And,0,0,,And,0,these,1,CC,DT,,,0,1,0
these,0,0,,these,0,are,0,DT,VBP,CC,And,1,1,1
are,0,0,,be,0,some,0,VBP,DT,DT,these,1,1,0
some,0,0,,some,0,reasons,0,DT,NNS,VBP,are,1,1,1
reasons,0,0,,reason,0,you,0,NNS,PRP,DT,some,0,1,1
you,0,1,PRP,you,0,should,0,PRP,MD,NNS,reasons,1,1,0
should,0,0,,should,0,get,0,MD,VB,PRP,you,1,1,1
get,0,0,,get,0,a,0,VB,DT,MD,should,0,1,0
a,0,0,,a,0,macbook,0,DT,NN,VB,get,1,1,0
macbook,0,0,,macbook,0,pro,0,NN,NN,DT,a,0,1,1
pro,0,0,,pro,0,,0,NN,,NN,macbook,0,1,0
Also,0,0,,Also,0,kinda,1,RB,VBZ,,,0,1,1
kinda,0,0,,kinda,0,loud,0,VBZ,JJ,RB,Also,0,1,1
loud,0,0,,loud,0,when,0,JJ,WRB,VBZ,kinda,0,1,1
when,0,0,,when,0,the,0,WRB,DT,JJ,loud,1,1,1
the,0,0,,the,0,fan,0,DT,NN,WRB,when,1,1,0
fan,1,0,,fan,0,was,0,NN,VBD,DT,the,0,1,0
was,0,0,,be,0,running,0,VBD,VBG,NN,fan,1,1,0
running,1,0,,run,0,,0,VBG,,VBD,was,0,1,1
In,0,0,,In,0,desparation,1,IN,NN,,,0,1,0
desparation,0,0,,desparation,0,I,0,NN,PRP,IN,In,0,1,1
I,0,1,PRP,I,0,called,1,PRP,VBD,NN,desparation,0,1,0
called,0,0,,call,0,their,0,VBD,PRP$,PRP,I,0,1,1
their,0,0,,their,0,Customer,0,PRP$,NNP,VBD,called,1,1,1
Customer,1,0,,Customer,0,Service,1,NNP,NNP,PRP$,their,0,1,1
Service,1,0,,Service,0,number,1,NNP,NN,NNP,Customer,0,1,1
number,1,0,,number,0,and,0,NN,CC,NNP,Service,0,1,1
and,0,0,,and,0,was,0,CC,VBD,NN,number,1,2,0
was,0,0,,be,0,told,0,VBD,VBN,CC,and,1,1,0
told,0,0,,tell,0,that,0,VBN,IN,VBD,was,0,1,1
that,0,0,,that,0,my,0,IN,PRP$,VBN,told,1,2,1
my,0,0,,my,0,warranty,0,PRP$,NN,IN,that,1,1,0
warranty,1,0,,warranty,0,had,0,NN,VBD,PRP$,my,0,1,1
had,0,0,,have,0,expired,0,VBD,VBN,NN,warranty,1,1,0
expired,0,0,,expire,0,2,0,VBN,CD,VBD,had,0,1,1
2,1,0,,2,0,days,1,CD,NNS,VBN,expired,0,1,0
days,0,0,,days,0,old,0,NNS,JJ,CD,2,0,1,1
old,0,0,,old,0,and,0,JJ,CC,NNS,days,0,1,0
and,0,0,,and,0,that,0,CC,IN,JJ,old,1,2,0
that,0,0,,that,0,the,0,IN,DT,CC,and,1,2,1
the,0,0,,the,0,priviledge,0,DT,NN,IN,that,1,1,0
priviledge,0,0,,priviledge,0,of,0,NN,IN,DT,the,0,1,1
of,0,0,,of,0,talking,0,IN,VBG,NN,priviledge,1,1,0
talking,1,0,,talk,0,to,0,VBG,TO,IN,of,0,1,1
to,0,0,,to,0,a,0,TO,DT,VBG,talking,1,1,0
a,0,0,,a,0,technician,0,DT,NN,TO,to,1,1,0
technician,1,0,,technician,0,would,0,NN,MD,DT,a,0,1,1
would,0,0,,would,0,cost,0,MD,VB,NN,technician,0,1,1
cost,1,0,,cost,0,me,0,VB,PRP,MD,would,0,1,1
me,0,1,PRP,me,0,have,0,PRP,VB,VB,cost,1,1,0
have,0,0,,have,0,your,0,VB,PRP$,PRP,me,1,1,1
your,0,0,,your,0,credit,0,PRP$,NN,VB,have,1,1,1
credit,0,0,,credit,0,card,0,NN,NN,PRP$,your,0,1,1
card,1,0,,card,0,ready,0,NN,JJ,NN,credit,0,1,1
ready,0,0,,ready,0,,0,JJ,,NN,card,0,1,1
I,0,1,PRP,I,0,purchased,1,PRP,VBD,,,0,1,0
purchased,0,0,,purchase,0,this,0,VBD,DT,PRP,I,0,1,1
this,0,1,DT,this,0,laptop,0,DT,NN,VBD,purchased,1,1,1
laptop,0,1,NN,laptop,0,while,0,NN,IN,DT,this,0,1,1
while,0,1,IN,while,0,on,0,IN,IN,NN,laptop,1,1,1
on,0,0,,on,0,a,0,IN,DT,IN,while,1,1,0
a,0,0,,a,0,business,0,DT,NN,IN,on,1,1,0
business,1,0,,business,0,trip,0,NN,NN,DT,a,0,1,1
trip,0,0,,trip,0,to,0,NN,TO,NN,business,0,1,1
to,0,0,,to,0,keep,0,TO,VB,NN,trip,1,1,0
keep,0,0,,keep,0,up,0,VB,RP,TO,to,0,1,1
up,0,0,,up,0,with,0,RP,IN,VB,keep,1,1,0
with,0,0,,with,0,my,0,IN,PRP$,RP,up,1,1,1
my,0,0,,my,0,email,0,PRP$,NN,IN,with,1,1,0
email,0,0,,email,0,,0,NN,,PRP$,my,0,1,1
There,0,0,,There,0,also,1,EX,RB,,,0,1,1
also,0,0,,also,0,seemed,0,RB,VBD,EX,There,0,1,1
seemed,0,0,,seem,0,to,0,VBD,TO,RB,also,0,1,1
to,0,0,,to,0,be,0,TO,VB,VBD,seemed,1,3,0
be,0,0,,be,0,a,0,VB,DT,TO,to,1,2,0
a,0,0,,a,0,problem,0,DT,NN,VB,be,1,1,0
problem,0,1,NN,problem,0,with,0,NN,IN,DT,a,0,1,1
with,0,0,,with,0,the,0,IN,DT,NN,problem,1,1,1
the,0,0,,the,0,hard,0,DT,JJ,IN,with,1,1,0
hard,1,0,,hard,0,disc,0,JJ,NN,DT,the,0,1,1
disc,1,0,,disc,0,as,0,NN,IN,JJ,hard,0,1,1
as,0,0,,a,0,certain,0,IN,JJ,NN,disc,1,1,0
certain,0,0,,certain,0,times,0,JJ,NNS,IN,as,0,1,1
times,0,0,,time,0,windows,0,NNS,VBP,JJ,certain,0,1,1
windows,1,0,,windows,0,loads,0,VBP,NNS,NNS,times,0,1,1
loads,1,0,,load,0,but,0,NNS,CC,VBP,windows,0,1,1
but,0,0,,but,0,claims,0,CC,NNS,NNS,loads,1,1,0
claims,0,0,,claim,0,to,0,NNS,TO,CC,but,0,1,1
to,0,0,,to,0,not,0,TO,RB,NNS,claims,1,3,0
not,0,0,,not,0,be,0,RB,VB,TO,to,1,1,0
be,0,0,,be,0,able,0,VB,JJ,RB,not,1,2,0
able,0,0,,able,0,to,0,JJ,TO,VB,be,0,1,1
to,0,0,,to,0,find,0,TO,VB,JJ,able,1,3,0
find,1,0,,find,0,any,0,VB,DT,TO,to,0,1,1
any,0,0,,any,0,drivers,0,DT,NNS,VB,find,1,1,0
drivers,1,0,,drivers,0,or,0,NNS,CC,DT,any,0,1,1
or,0,0,,or,0,files,0,CC,NNS,NNS,drivers,1,1,0
files,1,0,,files,0,,0,NNS,,CC,or,0,1,1
Drivers,1,0,,Drivers,0,updated,1,NNS,VBD,,,0,1,1
updated,0,0,,update,0,ok,0,VBD,JJ,NNS,Drivers,0,1,1
ok,0,0,,ok,0,but,0,JJ,CC,VBD,updated,0,1,0
but,0,0,,but,0,the,0,CC,DT,JJ,ok,1,1,0
the,0,0,,the,0,BIOS,0,DT,NNP,CC,but,1,3,0
BIOS,1,0,,BIOS,1,update,0,NNP,NN,DT,the,0,1,1
update,1,0,,update,0,froze,0,NN,VBD,NNP,BIOS,0,1,1
froze,0,0,,freeze,0,the,0,VBD,DT,NN,update,0,1,1
the,0,0,,the,0,system,0,DT,NN,VBD,froze,1,3,0
system,1,0,,system,0,up,0,NN,RB,DT,the,0,1,1
up,0,0,,up,0,and,0,RB,CC,NN,system,1,1,0
and,0,0,,and,0,the,0,CC,DT,RB,up,1,1,0
the,0,0,,the,0,computer,0,DT,NN,CC,and,1,3,0
computer,1,1,NN,computer,0,shut,0,NN,VBD,DT,the,0,1,1
shut,1,0,,shut,0,down,0,VBD,RP,NN,computer,0,1,1
down,0,0,,down,0,,0,RP,,VBD,shut,1,1,1
they,0,1,PRP,they,0,lost,0,PRP,VBD,,,1,1,1
lost,0,0,,lose,0,my,0,VBD,PRP$,PRP,they,0,1,1
my,0,0,,my,0,laptop,0,PRP$,NN,VBD,lost,1,1,0
laptop,0,1,NN,laptop,0,for,0,NN,IN,PRP$,my,0,1,1
for,0,0,,for,0,a,0,IN,DT,NN,laptop,1,1,0
a,0,0,,a,0,month,0,DT,NN,IN,for,1,1,0
month,0,0,,month,0,,0,NN,,DT,a,0,1,1
Spent,0,0,,Spent,0,2,1,JJ,CD,,,0,1,1
2,1,0,,2,0,hours,1,CD,NNS,JJ,Spent,0,1,0
hours,0,1,NNS,hour,0,on,0,NNS,IN,CD,2,0,1,1
on,0,0,,on,0,phone,0,IN,NN,NNS,hours,1,1,0
phone,1,1,NN,phone,0,with,0,NN,IN,IN,on,0,1,1
with,0,0,,with,0,HP,0,IN,NNP,NN,phone,1,1,1
HP,1,0,,HP,0,Technical,0,NNP,NNP,IN,with,0,1,0
Technical,1,0,,Technical,0,Support,1,NNP,NNP,NNP,HP,0,1,1
Support,1,0,,Support,0,,1,NNP,,NNP,Technical,0,1,1
This,0,0,,This,0,is,1,DT,VBZ,,,0,1,1
is,0,0,,be,0,my,0,VBZ,PRP$,DT,This,1,2,0
my,0,0,,my,0,second,0,PRP$,JJ,VBZ,is,1,2,0
second,0,0,,second,0,laptop,0,JJ,JJ,PRP$,my,0,1,1
laptop,0,1,JJ,laptop,0,and,0,JJ,CC,JJ,second,0,1,1
and,0,0,,and,0,it,0,CC,PRP,JJ,laptop,1,2,0
it,0,1,PRP,it,0,is,0,PRP,VBZ,CC,and,1,1,0
is,0,0,,be,0,head,0,VBZ,JJ,PRP,it,1,2,0
head,0,0,,head,0,and,0,JJ,CC,VBZ,is,0,1,1
and,0,0,,and,0,shoulders,0,CC,NNS,JJ,head,1,2,0
shoulders,0,0,,shoulder,0,above,0,NNS,IN,CC,and,0,1,1
above,0,0,,above,0,my,0,IN,PRP$,NNS,shoulders,1,1,1
my,0,0,,my,0,first,0,PRP$,JJ,IN,above,1,2,0
first,0,0,,first,0,,0,JJ,,PRP$,my,0,1,1
at,0,0,,at,0,first,0,IN,JJ,,,1,1,0
first,0,0,,first,0,,0,JJ,,IN,at,0,1,1
Speaking,0,0,,Speaking,0,of,1,NN,IN,,,0,1,1
of,0,0,,of,0,the,0,IN,DT,NN,Speaking,1,1,0
the,0,0,,the,0,browser,0,DT,NN,IN,of,1,1,0
browser,1,0,,browser,0,it,0,NN,PRP,DT,the,0,1,1
it,0,1,PRP,it,0,too,0,PRP,RB,NN,browser,1,1,0
too,0,0,,too,0,has,0,RB,VBZ,PRP,it,1,1,0
has,0,0,,have,0,problems,0,VBZ,NNS,RB,too,1,1,0
problems,0,1,NNS,problems,0,,0,NNS,,VBZ,has,0,1,1
I,0,1,PRP,I,0,think,1,PRP,VBP,,,0,2,0
think,0,0,,think,0,just,0,VBP,RB,PRP,I,0,1,1
just,0,0,,just,0,going,0,RB,VBG,VBP,think,1,1,1
going,0,0,,go,0,from,0,VBG,IN,RB,just,0,2,1
from,0,0,,from,0,PC,0,IN,NN,VBG,going,1,1,1
PC,0,1,NN,PC,0,to,0,NN,TO,IN,from,0,1,0
to,0,0,,to,0,Mac,0,TO,NNP,NN,PC,1,1,0
Mac,1,0,,Mac,1,has,1,NNP,VBZ,TO,to,0,1,0
has,0,0,,have,0,gotten,0,VBZ,VBN,NNP,Mac,1,1,0
gotten,0,0,,get,0,me,0,VBN,PRP,VBZ,has,0,1,1
me,0,1,PRP,me,0,totally,0,PRP,RB,VBN,gotten,1,1,0
totally,0,0,,totally,0,spoiled,0,RB,VBD,PRP,me,0,1,1
spoiled,0,0,,spoil,0,and,0,VBD,CC,RB,totally,0,1,1
and,0,0,,and,0,I,0,CC,PRP,VBD,spoiled,1,1,0
I,0,1,PRP,I,0,can,1,PRP,MD,CC,and,0,2,0
can,0,0,,can,0,not,0,MD,RB,PRP,I,1,1,0
not,0,0,,not,0,imagine,0,RB,VB,MD,can,1,1,0
imagine,0,0,,imagine,0,ever,0,VB,RB,RB,not,0,1,1
ever,0,0,,ever,0,going,0,RB,VBG,VB,imagine,0,1,1
going,0,0,,go,0,back,0,VBG,RP,RB,ever,0,2,1
back,0,0,,back,0,,0,RP,,VBG,going,0,1,1
The,0,0,,The,0,keyboard,1,DT,NN,,,0,1,0
keyboard,1,1,NN,keyboard,0,is,0,NN,VBZ,DT,The,0,1,1
is,0,0,,be,0,too,0,VBZ,RB,NN,keyboard,1,1,0
too,0,0,,too,0,slick,0,RB,JJ,VBZ,is,1,1,0
slick,0,0,,slick,0,,0,JJ,,RB,too,0,1,1
Nightly,0,0,,Nightly,0,my,1,RB,PRP$,,,0,1,1
my,0,0,,my,0,computer,0,PRP$,NN,RB,Nightly,1,1,0
computer,1,1,NN,computer,0,defrags,0,NN,VBZ,PRP$,my,0,1,1
defrags,0,0,,defrags,0,itself,0,VBZ,PRP,NN,computer,0,1,1
itself,0,0,,itself,0,and,0,PRP,CC,VBZ,defrags,1,1,1
and,0,0,,and,0,runs,0,CC,VB,PRP,itself,1,1,0
runs,1,0,,run,0,a,0,VB,DT,CC,and,0,1,1
a,0,0,,a,0,virus,0,DT,NN,VB,runs,1,1,0
virus,1,0,,virus,0,scan,0,NN,JJ,DT,a,0,1,1
scan,1,0,,scan,0,,0,JJ,,NN,virus,0,1,1
it,0,1,PRP,it,0,has,0,PRP,VBZ,,,1,5,0
has,0,0,,have,0,it,0,VBZ,PRP,PRP,it,1,2,0
it,0,1,PRP,it,0,is,0,PRP,VBZ,VBZ,has,1,5,0
is,0,0,,be,0,like,0,VBZ,IN,PRP,it,1,2,0
like,0,0,,like,0,9,0,IN,CD,VBZ,is,0,1,1
9,1,0,,9,0,punds,1,CD,NNS,IN,like,0,1,0
punds,1,0,,punds,0,but,0,NNS,CC,CD,9,0,1,1
but,0,0,,but,0,if,0,CC,IN,NNS,punds,1,1,0
if,0,0,,if,0,you,0,IN,PRP,CC,but,1,1,0
you,0,1,PRP,you,0,can,0,PRP,MD,IN,if,1,1,0
can,0,0,,can,0,look,0,MD,VB,PRP,you,1,1,0
look,1,0,,look,0,past,0,VB,IN,MD,can,0,1,1
past,0,0,,past,0,it,0,IN,PRP,VB,look,0,1,1
it,0,1,PRP,it,0,it,0,PRP,PRP,IN,past,1,5,0
it,0,1,PRP,it,0,has,0,PRP,VBZ,PRP,it,1,5,0
has,0,0,,have,0,it,0,VBZ,PRP,PRP,it,1,2,0
it,0,1,PRP,it,0,is,0,PRP,VBZ,VBZ,has,1,5,0
is,0,0,,be,0,GREAT,0,VBZ,JJ,PRP,it,1,2,0
GREAT,0,0,,GREAT,1,,0,JJ,,VBZ,is,0,1,1
it,0,1,PRP,it,0,has,0,PRP,VBZ,,,1,3,0
has,0,0,,have,0,it,0,VBZ,PRP,PRP,it,1,1,0
it,0,1,PRP,it,0,is,0,PRP,VBZ,VBZ,has,1,3,0
is,0,0,,be,0,just,0,VBZ,RB,PRP,it,1,2,0
just,0,0,,just,0,as,0,RB,IN,VBZ,is,1,1,1
as,0,0,,as,0,fast,0,IN,RB,RB,just,1,2,0
fast,0,0,,fast,0,with,0,RB,IN,IN,as,0,1,1
with,0,0,,with,0,one,0,IN,CD,RB,fast,1,2,1
one,1,1,CD,one,0,program,0,CD,NN,IN,with,0,1,0
program,1,0,,program,0,open,0,NN,JJ,CD,one,0,1,1
open,0,0,,open,0,as,0,JJ,IN,NN,program,0,2,1
as,0,0,,a,0,it,0,IN,PRP,JJ,open,1,2,0
it,0,1,PRP,it,0,is,0,PRP,VBZ,IN,as,1,3,0
is,0,0,,be,0,with,0,VBZ,IN,PRP,it,1,2,0
with,0,0,,with,0,sixteen,0,IN,JJ,VBZ,is,1,2,1
sixteen,0,0,,sixteen,0,open,0,JJ,JJ,IN,with,0,1,1
open,0,0,,open,0,,0,JJ,,JJ,sixteen,0,2,1
Still,0,0,,Still,0,under,1,RB,IN,,,0,1,1
under,0,0,,under,0,warrenty,0,IN,NN,RB,Still,1,1,1
warrenty,1,0,,warrenty,0,so,0,NN,RB,IN,under,0,1,1
so,0,0,,so,0,called,0,RB,VBD,NN,warrenty,1,1,0
called,0,0,,call,0,Toshiba,0,VBD,NNP,RB,so,0,1,1
Toshiba,1,1,NNP,Toshiba,1,no,1,NNP,DT,VBD,called,0,1,1
no,0,0,,no,0,help,0,DT,NN,NNP,Toshiba,1,1,0
help,1,0,,help,0,at,0,NN,IN,DT,no,0,1,1
at,0,0,,at,0,all,0,IN,DT,NN,help,1,1,0
all,0,0,,all,0,,0,DT,,IN,at,1,1,0
I,0,1,PRP,I,0,was,1,PRP,VBD,,,0,1,0
was,0,0,,be,0,happy,0,VBD,JJ,PRP,I,1,1,0
happy,0,0,,happy,0,with,0,JJ,IN,VBD,was,0,1,1
with,0,0,,with,0,My,0,IN,NNP,JJ,happy,1,1,1
My,0,0,,My,0,purchase,1,NNP,NN,IN,with,0,1,0
purchase,0,0,,purchase,0,of,0,NN,IN,NNP,My,0,1,1
of,0,0,,of,0,a,0,IN,DT,NN,purchase,1,1,0
a,0,0,,a,0,Toshiba,0,DT,NNP,IN,of,1,1,0
Toshiba,1,1,NNP,Toshiba,0,Satellite,1,NNP,NNP,DT,a,0,2,1
Satellite,0,0,,Satellite,0,L305D,1,NNP,NNP,NNP,Toshiba,0,1,1
L305D,0,0,,L305D,0,S5934,1,NNP,NNP,NNP,Satellite,0,1,1
S5934,0,0,,S5934,0,laptop,1,NNP,NN,NNP,L305D,0,1,1
laptop,0,1,NN,laptop,0,until,0,NN,IN,NNP,S5934,0,1,1
until,0,0,,until,0,it,0,IN,PRP,NN,laptop,1,1,1
it,0,1,PRP,it,0,came,0,PRP,VBD,IN,until,1,2,0
came,0,0,,come,0,time,0,VBD,NN,PRP,it,0,1,1
time,1,1,NN,time,0,to,0,NN,TO,VBD,came,0,1,1
to,0,0,,to,0,have,0,TO,VB,NN,time,1,1,0
have,0,0,,have,0,it,0,VB,PRP,TO,to,1,1,1
it,0,1,PRP,it,0,repaired,0,PRP,VBN,VB,have,1,2,0
repaired,0,0,,repair,0,under,0,VBN,IN,PRP,it,0,1,1
under,0,0,,under,0,the,0,IN,DT,VBN,repaired,1,1,1
the,0,0,,the,0,Toshiba,0,DT,NNP,IN,under,1,1,0
Toshiba,1,1,NNP,Toshiba,0,Warranty,1,NNP,NNP,DT,the,0,2,1
Warranty,1,0,,Warranty,0,,1,NNP,,NNP,Toshiba,0,1,1
I,0,1,PRP,I,0,LOVE,1,PRP,VBP,,,0,1,0
LOVE,0,0,,LOVE,0,IT,0,VBP,NNP,PRP,I,0,1,1
IT,1,0,,IT,0,,0,NNP,,VBP,LOVE,0,1,0
Amazing,0,0,,Amazing,0,Quality,1,JJ,NN,,,0,1,1
Quality,1,0,,Quality,0,,1,NN,,JJ,Amazing,0,1,1
The,0,0,,The,0,fact,1,DT,NN,,,0,1,0
fact,0,0,,fact,0,that,0,NN,IN,DT,The,0,1,1
that,0,0,,that,0,you,0,IN,PRP,NN,fact,1,1,1
you,0,1,PRP,you,0,can,0,PRP,MD,IN,that,1,1,0
can,0,0,,can,0,spend,0,MD,VB,PRP,you,1,1,0
spend,0,0,,spend,0,over,0,VB,RP,MD,can,0,1,1
over,0,0,,over,0,100,0,RP,CD,VB,spend,1,1,1
100,0,0,,100,0,on,1,CD,IN,RP,over,0,1,0
on,0,0,,on,0,just,0,IN,RB,CD,100,1,1,0
just,0,0,,just,0,a,0,RB,DT,IN,on,1,1,1
a,0,0,,a,0,webcam,0,DT,NN,RB,just,1,1,0
webcam,1,0,,webcam,0,underscores,0,NN,VBZ,DT,a,0,1,1
underscores,0,0,,underscore,0,the,0,VBZ,DT,NN,webcam,0,1,1
the,0,0,,the,0,value,0,DT,NN,VBZ,underscores,1,1,0
value,1,0,,value,0,of,0,NN,IN,DT,the,0,1,1
of,0,0,,of,0,this,0,IN,DT,NN,value,1,1,0
this,0,1,DT,this,0,machine,0,DT,NN,IN,of,1,1,1
machine,0,0,,machine,0,,0,NN,,DT,this,0,1,1
I,0,1,PRP,I,0,mainly,1,PRP,RB,,,0,1,0
mainly,0,0,,mainly,0,use,0,RB,VBP,PRP,I,0,1,1
use,1,0,,use,0,it,0,VBP,PRP,RB,mainly,0,1,0
it,0,1,PRP,it,0,for,0,PRP,IN,VBP,use,1,1,0
for,0,0,,for,0,email,0,IN,JJ,PRP,it,1,1,0
email,0,0,,email,0,internet,0,JJ,NN,IN,for,0,1,1
internet,1,0,,internet,0,and,0,NN,CC,JJ,email,0,1,1
and,0,0,,and,0,managing,0,CC,VBG,NN,internet,1,1,0
managing,1,0,,manage,0,personal,0,VBG,JJ,CC,and,0,1,1
personal,1,0,,personal,0,files,0,JJ,NNS,VBG,managing,0,1,1
files,1,0,,file,0,pics,0,NNS,NNS,JJ,personal,0,1,1
pics,0,0,,pics,0,vids,0,NNS,NNS,NNS,files,0,1,1
vids,0,0,,vids,0,etc,0,NNS,VBP,NNS,pics,0,1,1
etc,0,0,,etc,0,,0,VBP,,NNS,vids,0,1,0
A,1,0,,A,0,month,1,DT,NN,,,0,1,0
month,0,0,,month,0,or,0,NN,CC,DT,A,0,1,1
or,0,0,,or,0,so,0,CC,RB,NN,month,1,1,0
so,0,0,,so,0,ago,0,RB,IN,CC,or,1,1,0
ago,0,0,,ago,0,the,0,IN,DT,RB,so,0,1,0
the,0,0,,the,0,freaking,0,DT,VBG,IN,ago,1,1,0
freaking,0,0,,freak,0,motherboard,0,VBG,NN,DT,the,0,1,1
motherboard,1,0,,motherboard,0,just,0,NN,RB,VBG,freaking,0,1,1
just,0,0,,just,0,died,0,RB,VBD,NN,motherboard,1,1,1
died,0,0,,die,0,,0,VBD,,RB,just,0,1,1
The,0,0,,The,0,system,1,DT,NN,,,0,1,0
system,1,0,,system,0,it,0,NN,PRP,DT,The,0,1,1
it,0,1,PRP,it,0,comes,0,PRP,VBZ,NN,system,1,3,0
comes,0,0,,come,0,with,0,VBZ,IN,PRP,it,0,1,1
with,0,0,,with,0,does,0,IN,VBZ,VBZ,comes,1,2,1
does,0,0,,do,0,not,0,VBZ,RB,IN,with,1,1,1
not,0,0,,not,0,work,0,RB,VB,VBZ,does,1,2,0
work,1,1,VB,work,0,properly,0,VB,RB,RB,not,0,1,1
properly,0,0,,properly,0,so,0,RB,RB,VB,work,0,1,1
so,0,0,,so,0,when,0,RB,WRB,RB,properly,1,1,0
when,0,0,,when,0,trying,0,WRB,VBG,RB,so,1,1,1
trying,0,0,,try,0,to,0,VBG,TO,WRB,when,0,1,1
to,0,0,,to,0,fix,0,TO,VB,VBG,trying,1,1,0
fix,0,0,,fix,0,the,0,VB,DT,TO,to,0,1,0
the,0,0,,the,0,problems,0,DT,NNS,VB,fix,1,1,0
problems,0,1,NNS,problems,0,with,0,NNS,IN,DT,the,0,1,1
with,0,0,,with,0,it,0,IN,PRP,NNS,problems,1,2,1
it,0,1,PRP,it,0,it,0,PRP,PRP,IN,with,1,3,0
it,0,1,PRP,it,0,started,0,PRP,VBD,PRP,it,1,3,0
started,0,0,,start,0,not,0,VBD,RB,PRP,it,0,1,1
not,0,0,,not,0,working,0,RB,VBG,VBD,started,1,2,0
working,1,0,,work,0,at,0,VBG,IN,RB,not,0,1,1
at,0,0,,at,0,all,0,IN,DT,VBG,working,1,1,0
all,0,0,,all,0,,0,DT,,IN,at,1,1,0
Then,0,0,,Then,0,after,1,RB,IN,,,0,1,1
after,0,0,,after,0,4,0,IN,CD,RB,Then,1,1,1
4,1,0,,4,0,or,1,CD,CC,IN,after,0,1,0
or,0,0,,or,0,so,0,CC,RB,CD,4,1,1,0
so,0,0,,so,0,months,0,RB,NNS,CC,or,1,2,0
months,0,0,,months,0,the,0,NNS,DT,RB,so,0,1,1
the,0,0,,the,0,charger,0,DT,NN,NNS,months,1,1,0
charger,1,0,,charger,0,stopped,0,NN,VBD,DT,the,0,1,1
stopped,0,0,,stop,0,working,0,VBD,VBG,NN,charger,0,1,1
working,1,0,,work,0,so,0,VBG,RB,VBD,stopped,0,1,1
so,0,0,,so,0,I,0,RB,PRP,VBG,working,1,2,0
I,0,1,PRP,I,0,was,1,PRP,VBD,RB,so,0,1,0
was,0,0,,be,0,forced,0,VBD,VBN,PRP,I,1,1,0
forced,0,0,,force,0,to,0,VBN,TO,VBD,was,0,1,1
to,0,0,,to,0,go,0,TO,VB,VBN,forced,1,2,0
go,0,0,,go,0,out,0,VB,RP,TO,to,0,1,0
out,0,0,,out,0,and,0,RP,CC,VB,go,1,1,0
and,0,0,,and,0,buy,0,CC,VB,RP,out,1,1,0
buy,0,0,,buy,0,new,0,VB,JJ,CC,and,0,1,0
new,0,0,,new,0,hardware,0,JJ,NN,VB,buy,0,1,0
hardware,1,0,,hardware,0,just,0,NN,RB,JJ,new,0,1,1
just,0,0,,just,0,to,0,RB,TO,NN,hardware,1,1,1
to,0,0,,to,0,keep,0,TO,VB,RB,just,1,2,0
keep,0,0,,keep,0,this,0,VB,DT,TO,to,0,1,1
this,0,1,DT,this,0,computer,0,DT,NN,VB,keep,1,1,1
computer,1,1,NN,computer,0,running,0,NN,VBG,DT,this,0,1,1
running,1,0,,run,0,,0,VBG,,NN,computer,0,1,1
I,0,1,PRP,I,0,took,1,PRP,VBD,,,0,1,0
took,0,0,,take,0,it,0,VBD,PRP,PRP,I,0,1,1
it,0,1,PRP,it,0,back,0,PRP,RP,VBD,took,1,1,0
back,0,0,,back,0,to,0,RP,TO,PRP,it,0,1,1
to,0,0,,to,0,Best,0,TO,NNP,RP,back,1,1,0
Best,0,0,,Best,0,Buy,1,NNP,NNP,TO,to,0,1,1
Buy,0,0,,Buy,0,where,1,NNP,WRB,NNP,Best,0,1,0
where,0,0,,where,0,they,0,WRB,PRP,NNP,Buy,1,1,1
they,0,1,PRP,they,0,were,0,PRP,VBD,WRB,where,1,1,1
were,0,0,,be,0,so,0,VBD,RB,PRP,they,1,1,1
so,0,0,,so,0,helpful,0,RB,JJ,VBD,were,1,1,0
helpful,0,0,,helpful,0,and,0,JJ,CC,RB,so,0,1,1
and,0,0,,and,0,immediately,0,CC,RB,JJ,helpful,1,1,0
immediately,0,0,,immediately,0,gave,0,RB,VBD,CC,and,0,1,1
gave,0,0,,give,0,me,0,VBD,PRP,RB,immediately,0,1,1
me,0,1,PRP,me,0,a,0,PRP,DT,VBD,gave,1,1,0
a,0,0,,a,0,new,0,DT,JJ,PRP,me,1,1,0
new,0,0,,new,0,one,0,JJ,CD,DT,a,0,1,0
one,1,1,CD,one,0,,0,CD,,JJ,new,0,1,0
If,0,0,,If,0,you,1,IN,PRP,,,0,1,0
you,0,1,PRP,you,0,had,0,PRP,VBD,IN,If,1,2,0
had,0,0,,have,0,PC,0,VBD,NN,PRP,you,1,1,0
PC,0,1,NN,PC,0,for,0,NN,IN,VBD,had,0,1,0
for,0,0,,for,0,four,0,IN,CD,NN,PC,1,1,0
four,0,0,,four,0,years,0,CD,NNS,IN,for,0,1,1
years,0,0,,year,0,I,0,NNS,PRP,CD,four,0,1,1
I,0,1,PRP,I,0,can,1,PRP,MD,NNS,years,0,1,0
can,0,0,,can,0,almost,0,MD,RB,PRP,I,1,1,0
almost,0,0,,almost,0,gaurentee,0,RB,VB,MD,can,0,1,1
gaurentee,0,0,,gaurentee,0,that,0,VB,IN,RB,almost,0,1,1
that,0,0,,that,0,something,0,IN,NN,VB,gaurentee,1,1,1
something,0,0,,something,0,would,0,NN,MD,IN,that,0,1,1
would,0,0,,would,0,of,0,MD,IN,NN,something,0,1,1
of,0,0,,of,0,gone,0,IN,VBN,MD,would,1,1,0
gone,0,0,,go,0,wrong,0,VBN,JJ,IN,of,0,1,1
wrong,0,0,,wrong,0,by,0,JJ,IN,VBN,gone,0,1,1
by,0,0,,by,0,now,0,IN,RB,JJ,wrong,1,1,0
now,0,0,,now,0,maybe,0,RB,RB,IN,by,1,1,0
maybe,0,0,,maybe,0,even,0,RB,RB,RB,now,0,1,1
even,0,0,,even,0,forcing,0,RB,VBG,RB,maybe,0,1,1
forcing,0,0,,force,0,you,0,VBG,PRP,RB,even,0,1,1
you,0,1,PRP,you,0,to,0,PRP,TO,VBG,forcing,1,2,0
to,0,0,,to,0,replace,0,TO,VB,PRP,you,1,1,0
replace,0,0,,replace,0,your,0,VB,PRP$,TO,to,0,1,1
your,0,0,,your,0,entire,0,PRP$,JJ,VB,replace,1,1,1
entire,0,0,,entire,0,computer,0,JJ,NN,PRP$,your,0,1,1
computer,1,1,NN,computer,0,,0,NN,,JJ,entire,0,1,1
2,1,0,,2,0,weeks,1,CD,NNS,,,0,1,0
weeks,0,0,,week,0,after,0,NNS,IN,CD,2,0,1,1
after,0,0,,after,0,giving,0,IN,VBG,NNS,weeks,1,1,1
giving,0,0,,give,0,the,0,VBG,DT,IN,after,0,1,1
the,0,0,,the,0,computer,0,DT,NN,VBG,giving,1,3,0
computer,1,1,NN,computer,0,for,0,NN,IN,DT,the,0,1,1
for,0,0,,for,0,repair,0,IN,NN,NN,computer,1,1,0
repair,1,1,NN,repair,0,Called,0,NN,VBN,IN,for,0,1,1
Called,0,0,,Called,0,headquarters,1,VBN,NNS,NN,repair,0,1,1
headquarters,0,0,,headquarter,0,they,0,NNS,PRP,VBN,Called,0,1,1
they,0,1,PRP,they,0,report,0,PRP,VBP,NNS,headquarters,1,2,1
report,0,0,,report,0,that,0,VBP,IN,PRP,they,0,1,1
that,0,0,,that,0,they,0,IN,PRP,VBP,report,1,1,1
they,0,1,PRP,they,0,have,0,PRP,VBP,IN,that,1,2,1
have,0,0,,have,0,not,0,VBP,RB,PRP,they,1,1,1
not,0,0,,not,0,looked,0,RB,VBN,VBP,have,1,1,0
looked,0,0,,look,0,at,0,VBN,IN,RB,not,0,1,1
at,0,0,,at,0,it,0,IN,PRP,VBN,looked,1,1,0
it,0,1,PRP,it,0,yet,0,PRP,RB,IN,at,1,2,0
yet,0,0,,yet,0,but,0,RB,CC,PRP,it,0,1,0
but,0,0,,but,0,it,0,CC,PRP,RB,yet,1,1,0
it,0,1,PRP,it,0,is,0,PRP,VBZ,CC,but,1,2,0
is,0,0,,be,0,on,0,VBZ,IN,PRP,it,1,1,0
on,0,0,,on,0,the,0,IN,DT,VBZ,is,1,1,0
the,0,0,,the,0,top,0,DT,NN,IN,on,1,3,0
top,0,0,,top,0,of,0,NN,IN,DT,the,0,1,0
of,0,0,,of,0,the,0,IN,DT,NN,top,1,1,0
the,0,0,,the,0,stack,0,DT,NN,IN,of,1,3,0
stack,0,0,,stack,0,,0,NN,,DT,the,0,1,1
This,0,0,,This,0,machine,1,DT,NN,,,0,1,1
machine,0,0,,machine,0,delivers,0,NN,NNS,DT,This,0,1,1
delivers,0,0,,delivers,0,,0,NNS,,NN,machine,0,1,1
Then,0,0,,Then,0,2,1,RB,CD,,,0,1,1
2,1,0,,2,0,of,1,CD,IN,RB,Then,0,1,0
of,0,0,,of,0,my,0,IN,PRP$,CD,2,1,1,0
my,0,0,,my,0,nephews,0,PRP$,NNS,IN,of,1,1,0
nephews,0,0,,nephews,0,were,0,NNS,VBD,PRP$,my,0,1,1
were,0,0,,be,0,going,0,VBD,VBG,NNS,nephews,1,1,1
going,0,0,,go,0,into,0,VBG,IN,VBD,were,0,1,1
into,0,0,,into,0,music,0,IN,NN,VBG,going,1,1,1
music,1,0,,music,0,and,0,NN,CC,IN,into,0,1,1
and,0,0,,and,0,both,0,CC,DT,NN,music,1,1,0
both,0,0,,both,0,fell,0,DT,VBD,CC,and,1,1,1
fell,0,0,,fell,0,in,0,VBD,IN,DT,both,0,1,1
in,0,0,,in,0,love,0,IN,NN,VBD,fell,1,1,0
love,0,0,,love,0,with,0,NN,IN,IN,in,0,1,1
with,0,0,,with,0,the,0,IN,DT,NN,love,1,1,1
the,0,0,,the,0,MacBook,0,DT,NNP,IN,with,1,1,0
MacBook,0,0,,MacBook,0,Pro,0,NNP,NNP,DT,the,0,1,1
Pro,1,0,,Pro,0,,1,NNP,,NNP,MacBook,0,1,0
I,0,1,PRP,I,0,complain,1,PRP,VBP,,,0,1,0
complain,0,0,,complain,0,again,0,VBP,RB,PRP,I,0,1,1
again,0,0,,again,0,,0,RB,,VBP,complain,1,1,1
This,0,0,,This,0,laptop,1,DT,NN,,,0,1,1
laptop,0,1,NN,laptop,0,is,0,NN,VBZ,DT,This,0,1,1
is,0,0,,be,0,insane,0,VBZ,JJ,NN,laptop,1,1,0
insane,0,0,,insane,0,,0,JJ,,VBZ,is,0,1,1
If,0,0,,If,0,a,1,IN,DT,,,0,1,0
a,0,0,,a,0,website,0,DT,JJ,IN,If,1,1,0
website,0,0,,website,0,ever,0,JJ,RB,DT,a,0,1,1
ever,0,0,,ever,0,freezes,0,RB,VBZ,JJ,website,0,1,1
freezes,0,0,,freeze,0,which,0,VBZ,WDT,RB,ever,0,1,1
which,0,0,,which,0,is,0,WDT,VBZ,VBZ,freezes,1,1,1
is,0,0,,be,0,rare,0,VBZ,JJ,WDT,which,1,1,0
rare,0,0,,rare,0,its,0,JJ,PRP$,VBZ,is,0,1,1
its,0,0,,its,0,really,0,PRP$,RB,JJ,rare,1,1,0
really,0,0,,really,0,easy,0,RB,JJ,PRP$,its,0,1,1
easy,0,0,,easy,0,to,0,JJ,TO,RB,really,0,1,1
to,0,0,,to,0,force,0,TO,VB,JJ,easy,1,1,0
force,1,0,,force,0,quit,0,VB,NN,TO,to,0,1,1
quit,1,0,,quit,0,,0,NN,,VB,force,0,1,1
It,0,0,,It,0,does,1,PRP,VBZ,,,0,1,0
does,0,0,,do,0,run,0,VBZ,VB,PRP,It,1,1,1
run,1,0,,run,0,a,0,VB,DT,VBZ,does,0,1,0
a,0,0,,a,0,little,0,DT,JJ,VB,run,1,2,0
little,0,0,,little,0,warm,0,JJ,JJ,DT,a,0,1,1
warm,0,0,,warm,0,but,0,JJ,CC,JJ,little,0,1,1
but,0,0,,but,0,that,0,CC,DT,JJ,warm,1,1,0
that,0,0,,that,0,is,0,DT,VBZ,CC,but,1,1,1
is,0,0,,be,0,a,0,VBZ,DT,DT,that,1,1,0
a,0,0,,a,0,negligible,0,DT,JJ,VBZ,is,1,2,0
negligible,0,0,,negligible,0,concern,0,JJ,NN,DT,a,0,1,1
concern,0,1,NN,concern,0,,0,NN,,JJ,negligible,0,1,1
It,0,0,,It,0,rarely,1,PRP,RB,,,0,1,0
rarely,0,0,,rarely,0,works,0,RB,VBZ,PRP,It,0,1,1
works,1,0,,work,0,and,0,VBZ,CC,RB,rarely,0,1,1
and,0,0,,and,0,when,0,CC,WRB,VBZ,works,1,1,0
when,0,0,,when,0,it,0,WRB,PRP,CC,and,1,1,1
it,0,1,PRP,it,0,does,0,PRP,VBZ,WRB,when,1,3,0
does,0,0,,do,0,it,0,VBZ,PRP,PRP,it,1,1,1
it,0,1,PRP,it,0,has,0,PRP,VBZ,VBZ,does,1,3,0
has,0,0,,have,0,it,0,VBZ,PRP,PRP,it,1,1,0
it,0,1,PRP,it,0,is,0,PRP,VBZ,VBZ,has,1,3,0
is,0,0,,be,0,incredibly,0,VBZ,RB,PRP,it,1,1,0
incredibly,0,0,,incredibly,0,slow,0,RB,JJ,VBZ,is,0,1,1
slow,0,0,,slow,0,,0,JJ,,RB,incredibly,0,1,1
